time,solar,wind_onshore
2024-01-01 00:00:00,0.0,776.0
2024-01-01 00:15:00,0.0,700.0
2024-01-01 00:30:00,0.0,824.0
2024-01-01 00:45:00,0.0,888.0
2024-01-01 01:00:00,0.0,944.0
2024-01-01 01:15:00,0.0,972.0
2024-01-01 01:30:00,0.0,956.0
2024-01-01 01:45:00,0.0,1060.0
2024-01-01 02:00:00,0.0,1296.0
2024-01-01 02:15:00,0.0,1460.0
2024-01-01 02:30:00,0.0,1632.0
2024-01-01 02:45:00,0.0,1848.0
2024-01-01 03:00:00,0.0,2040.0
2024-01-01 03:15:00,0.0,2212.0
2024-01-01 03:30:00,0.0,2356.0
2024-01-01 03:45:00,0.0,2624.0
2024-01-01 04:00:00,0.0,2604.0
2024-01-01 04:15:00,0.0,2292.0
2024-01-01 04:30:00,0.0,2224.0
2024-01-01 04:45:00,0.0,2244.0
2024-01-01 05:00:00,0.0,1976.0
2024-01-01 05:15:00,0.0,1604.0
2024-01-01 05:30:00,0.0,1352.0
2024-01-01 05:45:00,0.0,1208.0
2024-01-01 06:00:00,0.0,1032.0
2024-01-01 06:15:00,0.0,932.0
2024-01-01 06:30:00,0.0,984.0
2024-01-01 06:45:00,0.0,1116.0
2024-01-01 07:00:00,0.0,1300.0
2024-01-01 07:15:00,0.0,1376.0
2024-01-01 07:30:00,0.0,1476.0
2024-01-01 07:45:00,36.0,1440.0
2024-01-01 08:00:00,68.0,1400.0
2024-01-01 08:15:00,72.0,1420.0
2024-01-01 08:30:00,88.0,1396.0
2024-01-01 08:45:00,112.0,1420.0
2024-01-01 09:00:00,148.0,1512.0
2024-01-01 09:15:00,192.0,1540.0
2024-01-01 09:30:00,240.0,1524.0
2024-01-01 09:45:00,304.0,1592.0
2024-01-01 10:00:00,376.0,1640.0
2024-01-01 10:15:00,452.0,1596.0
2024-01-01 10:30:00,512.0,1520.0
2024-01-01 10:45:00,556.0,1688.0
2024-01-01 11:00:00,612.0,1800.0
2024-01-01 11:15:00,680.0,1896.0
2024-01-01 11:30:00,716.0,1948.0
2024-01-01 11:45:00,724.0,2044.0
2024-01-01 12:00:00,740.0,2068.0
2024-01-01 12:15:00,768.0,2156.0
2024-01-01 12:30:00,768.0,2340.0
2024-01-01 12:45:00,736.0,2364.0
2024-01-01 13:00:00,712.0,2216.0
2024-01-01 13:15:00,700.0,2308.0
2024-01-01 13:30:00,664.0,2404.0
2024-01-01 13:45:00,604.0,2328.0
2024-01-01 14:00:00,548.0,2468.0
2024-01-01 14:15:00,504.0,2276.0
2024-01-01 14:30:00,448.0,2212.0
2024-01-01 14:45:00,376.0,1932.0
2024-01-01 15:00:00,312.0,1744.0
2024-01-01 15:15:00,256.0,1668.0
2024-01-01 15:30:00,184.0,1504.0
2024-01-01 15:45:00,104.0,1380.0
2024-01-01 16:00:00,76.0,1316.0
2024-01-01 16:15:00,8.0,1148.0
2024-01-01 16:30:00,0.0,1148.0
2024-01-01 16:45:00,0.0,1136.0
2024-01-01 17:00:00,0.0,1052.0
2024-01-01 17:15:00,0.0,1096.0
2024-01-01 17:30:00,0.0,1084.0
2024-01-01 17:45:00,0.0,1044.0
2024-01-01 18:00:00,0.0,1064.0
2024-01-01 18:15:00,0.0,1148.0
2024-01-01 18:30:00,0.0,1284.0
2024-01-01 18:45:00,0.0,1360.0
2024-01-01 19:00:00,0.0,1312.0
2024-01-01 19:15:00,0.0,1276.0
2024-01-01 19:30:00,0.0,1192.0
2024-01-01 19:45:00,0.0,1328.0
2024-01-01 20:00:00,0.0,1540.0
2024-01-01 20:15:00,0.0,1644.0
2024-01-01 20:30:00,0.0,1780.0
2024-01-01 20:45:00,0.0,1704.0
2024-01-01 21:00:00,0.0,1632.0
2024-01-01 21:15:00,0.0,1604.0
2024-01-01 21:30:00,0.0,1660.0
2024-01-01 21:45:00,0.0,1704.0
2024-01-01 22:00:00,0.0,1632.0
2024-01-01 22:15:00,0.0,1580.0
2024-01-01 22:30:00,0.0,1624.0
2024-01-01 22:45:00,0.0,1732.0
2024-01-01 23:00:00,0.0,1908.0
2024-01-01 23:15:00,0.0,1872.0
2024-01-01 23:30:00,0.0,1956.0
2024-01-01 23:45:00,0.0,2036.0
2024-01-02 00:00:00,0.0,2008.0
2024-01-02 00:15:00,0.0,1800.0
2024-01-02 00:30:00,0.0,1816.0
2024-01-02 00:45:00,0.0,1780.0
2024-01-02 01:00:00,0.0,1708.0
2024-01-02 01:15:00,0.0,1640.0
2024-01-02 01:30:00,0.0,1568.0
2024-01-02 01:45:00,0.0,1488.0
2024-01-02 02:00:00,0.0,1448.0
2024-01-02 02:15:00,0.0,1376.0
2024-01-02 02:30:00,0.0,1280.0
2024-01-02 02:45:00,0.0,1172.0
2024-01-02 03:00:00,0.0,1076.0
2024-01-02 03:15:00,0.0,980.0
2024-01-02 03:30:00,0.0,980.0
2024-01-02 03:45:00,0.0,1044.0
2024-01-02 04:00:00,0.0,1140.0
2024-01-02 04:15:00,0.0,1084.0
2024-01-02 04:30:00,0.0,912.0
2024-01-02 04:45:00,0.0,776.0
2024-01-02 05:00:00,0.0,680.0
2024-01-02 05:15:00,0.0,564.0
2024-01-02 05:30:00,0.0,472.0
2024-01-02 05:45:00,0.0,412.0
2024-01-02 06:00:00,0.0,388.0
2024-01-02 06:15:00,0.0,368.0
2024-01-02 06:30:00,0.0,356.0
2024-01-02 06:45:00,0.0,348.0
2024-01-02 07:00:00,0.0,364.0
2024-01-02 07:15:00,0.0,360.0
2024-01-02 07:30:00,0.0,404.0
2024-01-02 07:45:00,36.0,428.0
2024-01-02 08:00:00,64.0,428.0
2024-01-02 08:15:00,72.0,508.0
2024-01-02 08:30:00,84.0,636.0
2024-01-02 08:45:00,100.0,752.0
2024-01-02 09:00:00,124.0,816.0
2024-01-02 09:15:00,156.0,908.0
2024-01-02 09:30:00,180.0,996.0
2024-01-02 09:45:00,200.0,1016.0
2024-01-02 10:00:00,228.0,1056.0
2024-01-02 10:15:00,256.0,1108.0
2024-01-02 10:30:00,280.0,1112.0
2024-01-02 10:45:00,300.0,1076.0
2024-01-02 11:00:00,324.0,992.0
2024-01-02 11:15:00,352.0,900.0
2024-01-02 11:30:00,364.0,824.0
2024-01-02 11:45:00,360.0,828.0
2024-01-02 12:00:00,356.0,808.0
2024-01-02 12:15:00,360.0,808.0
2024-01-02 12:30:00,356.0,860.0
2024-01-02 12:45:00,344.0,992.0
2024-01-02 13:00:00,332.0,960.0
2024-01-02 13:15:00,324.0,920.0
2024-01-02 13:30:00,308.0,960.0
2024-01-02 13:45:00,280.0,980.0
2024-01-02 14:00:00,256.0,960.0
2024-01-02 14:15:00,240.0,972.0
2024-01-02 14:30:00,212.0,948.0
2024-01-02 14:45:00,184.0,980.0
2024-01-02 15:00:00,156.0,952.0
2024-01-02 15:15:00,132.0,960.0
2024-01-02 15:30:00,108.0,892.0
2024-01-02 15:45:00,84.0,844.0
2024-01-02 16:00:00,72.0,820.0
2024-01-02 16:15:00,12.0,748.0
2024-01-02 16:30:00,0.0,744.0
2024-01-02 16:45:00,0.0,732.0
2024-01-02 17:00:00,0.0,768.0
2024-01-02 17:15:00,0.0,796.0
2024-01-02 17:30:00,0.0,852.0
2024-01-02 17:45:00,0.0,864.0
2024-01-02 18:00:00,0.0,848.0
2024-01-02 18:15:00,0.0,936.0
2024-01-02 18:30:00,0.0,1036.0
2024-01-02 18:45:00,0.0,1024.0
2024-01-02 19:00:00,0.0,1120.0
2024-01-02 19:15:00,0.0,1196.0
2024-01-02 19:30:00,0.0,1324.0
2024-01-02 19:45:00,0.0,1508.0
2024-01-02 20:00:00,0.0,1620.0
2024-01-02 20:15:00,0.0,1712.0
2024-01-02 20:30:00,0.0,1760.0
2024-01-02 20:45:00,0.0,1784.0
2024-01-02 21:00:00,0.0,1836.0
2024-01-02 21:15:00,0.0,1764.0
2024-01-02 21:30:00,0.0,1640.0
2024-01-02 21:45:00,0.0,1604.0
2024-01-02 22:00:00,0.0,1596.0
2024-01-02 22:15:00,0.0,1504.0
2024-01-02 22:30:00,0.0,1400.0
2024-01-02 22:45:00,0.0,1312.0
2024-01-02 23:00:00,0.0,1212.0
2024-01-02 23:15:00,0.0,1136.0
2024-01-02 23:30:00,0.0,1072.0
2024-01-02 23:45:00,0.0,1124.0
2024-01-03 00:00:00,0.0,1164.0
2024-01-03 00:15:00,0.0,1180.0
2024-01-03 00:30:00,0.0,1128.0
2024-01-03 00:45:00,0.0,1056.0
2024-01-03 01:00:00,0.0,1052.0
2024-01-03 01:15:00,0.0,1108.0
2024-01-03 01:30:00,0.0,1200.0
2024-01-03 01:45:00,0.0,1192.0
2024-01-03 02:00:00,0.0,1132.0
2024-01-03 02:15:00,0.0,1320.0
2024-01-03 02:30:00,0.0,1340.0
2024-01-03 02:45:00,0.0,1376.0
2024-01-03 03:00:00,0.0,1384.0
2024-01-03 03:15:00,0.0,1332.0
2024-01-03 03:30:00,0.0,1324.0
2024-01-03 03:45:00,0.0,1400.0
2024-01-03 04:00:00,0.0,1432.0
2024-01-03 04:15:00,0.0,1488.0
2024-01-03 04:30:00,0.0,1524.0
2024-01-03 04:45:00,0.0,1568.0
2024-01-03 05:00:00,0.0,1576.0
2024-01-03 05:15:00,0.0,1556.0
2024-01-03 05:30:00,0.0,1532.0
2024-01-03 05:45:00,0.0,1580.0
2024-01-03 06:00:00,0.0,1600.0
2024-01-03 06:15:00,0.0,1844.0
2024-01-03 06:30:00,0.0,2048.0
2024-01-03 06:45:00,0.0,2188.0
2024-01-03 07:00:00,0.0,2204.0
2024-01-03 07:15:00,0.0,2112.0
2024-01-03 07:30:00,0.0,1968.0
2024-01-03 07:45:00,28.0,1804.0
2024-01-03 08:00:00,64.0,1752.0
2024-01-03 08:15:00,88.0,1696.0
2024-01-03 08:30:00,112.0,1576.0
2024-01-03 08:45:00,148.0,1496.0
2024-01-03 09:00:00,196.0,1408.0
2024-01-03 09:15:00,260.0,1408.0
2024-01-03 09:30:00,308.0,1320.0
2024-01-03 09:45:00,352.0,1276.0
2024-01-03 10:00:00,408.0,1472.0
2024-01-03 10:15:00,472.0,1632.0
2024-01-03 10:30:00,520.0,1712.0
2024-01-03 10:45:00,548.0,1832.0
2024-01-03 11:00:00,592.0,1980.0
2024-01-03 11:15:00,640.0,2024.0
2024-01-03 11:30:00,668.0,2160.0
2024-01-03 11:45:00,676.0,2264.0
2024-01-03 12:00:00,692.0,2488.0
2024-01-03 12:15:00,720.0,2464.0
2024-01-03 12:30:00,720.0,2168.0
2024-01-03 12:45:00,688.0,1960.0
2024-01-03 13:00:00,660.0,1972.0
2024-01-03 13:15:00,652.0,2152.0
2024-01-03 13:30:00,620.0,2348.0
2024-01-03 13:45:00,568.0,2432.0
2024-01-03 14:00:00,520.0,2092.0
2024-01-03 14:15:00,484.0,1748.0
2024-01-03 14:30:00,432.0,1800.0
2024-01-03 14:45:00,368.0,1892.0
2024-01-03 15:00:00,308.0,1812.0
2024-01-03 15:15:00,256.0,1608.0
2024-01-03 15:30:00,188.0,1516.0
2024-01-03 15:45:00,108.0,1448.0
2024-01-03 16:00:00,72.0,1492.0
2024-01-03 16:15:00,12.0,1568.0
2024-01-03 16:30:00,0.0,1520.0
2024-01-03 16:45:00,0.0,1500.0
2024-01-03 17:00:00,0.0,1464.0
2024-01-03 17:15:00,0.0,1396.0
2024-01-03 17:30:00,0.0,1224.0
2024-01-03 17:45:00,0.0,1188.0
2024-01-03 18:00:00,0.0,1140.0
2024-01-03 18:15:00,0.0,1180.0
2024-01-03 18:30:00,0.0,1176.0
2024-01-03 18:45:00,0.0,1116.0
2024-01-03 19:00:00,0.0,1196.0
2024-01-03 19:15:00,0.0,1172.0
2024-01-03 19:30:00,0.0,1124.0
2024-01-03 19:45:00,0.0,1140.0
2024-01-03 20:00:00,0.0,1144.0
2024-01-03 20:15:00,0.0,1160.0
2024-01-03 20:30:00,0.0,1156.0
2024-01-03 20:45:00,0.0,1132.0
2024-01-03 21:00:00,0.0,1124.0
2024-01-03 21:15:00,0.0,1244.0
2024-01-03 21:30:00,0.0,1276.0
2024-01-03 21:45:00,0.0,1156.0
2024-01-03 22:00:00,0.0,1120.0
2024-01-03 22:15:00,0.0,1088.0
2024-01-03 22:30:00,0.0,1032.0
2024-01-03 22:45:00,0.0,988.0
2024-01-03 23:00:00,0.0,988.0
2024-01-03 23:15:00,0.0,1056.0
2024-01-03 23:30:00,0.0,1056.0
2024-01-03 23:45:00,0.0,1036.0
2024-01-04 00:00:00,0.0,1128.0
2024-01-04 00:15:00,0.0,1164.0
2024-01-04 00:30:00,0.0,1208.0
2024-01-04 00:45:00,0.0,1296.0
2024-01-04 01:00:00,0.0,1340.0
2024-01-04 01:15:00,0.0,1364.0
2024-01-04 01:30:00,0.0,1468.0
2024-01-04 01:45:00,0.0,1572.0
2024-01-04 02:00:00,0.0,1724.0
2024-01-04 02:15:00,0.0,1864.0
2024-01-04 02:30:00,0.0,1984.0
2024-01-04 02:45:00,0.0,2116.0
2024-01-04 03:00:00,0.0,2272.0
2024-01-04 03:15:00,0.0,2372.0
2024-01-04 03:30:00,0.0,2476.0
2024-01-04 03:45:00,0.0,2572.0
2024-01-04 04:00:00,0.0,2700.0
2024-01-04 04:15:00,0.0,2720.0
2024-01-04 04:30:00,0.0,2788.0
2024-01-04 04:45:00,0.0,2740.0
2024-01-04 05:00:00,0.0,2736.0
2024-01-04 05:15:00,0.0,2688.0
2024-01-04 05:30:00,0.0,2644.0
2024-01-04 05:45:00,0.0,2564.0
2024-01-04 06:00:00,0.0,2512.0
2024-01-04 06:15:00,0.0,2516.0
2024-01-04 06:30:00,0.0,2440.0
2024-01-04 06:45:00,0.0,2396.0
2024-01-04 07:00:00,0.0,2456.0
2024-01-04 07:15:00,0.0,2620.0
2024-01-04 07:30:00,0.0,2616.0
2024-01-04 07:45:00,36.0,2756.0
2024-01-04 08:00:00,64.0,2660.0
2024-01-04 08:15:00,84.0,2460.0
2024-01-04 08:30:00,108.0,2464.0
2024-01-04 08:45:00,132.0,2488.0
2024-01-04 09:00:00,168.0,2544.0
2024-01-04 09:15:00,212.0,2680.0
2024-01-04 09:30:00,252.0,2708.0
2024-01-04 09:45:00,288.0,2564.0
2024-01-04 10:00:00,332.0,2600.0
2024-01-04 10:15:00,380.0,2684.0
2024-01-04 10:30:00,420.0,2852.0
2024-01-04 10:45:00,452.0,2976.0
2024-01-04 11:00:00,496.0,3092.0
2024-01-04 11:15:00,544.0,3120.0
2024-01-04 11:30:00,572.0,3100.0
2024-01-04 11:45:00,576.0,3092.0
2024-01-04 12:00:00,592.0,3132.0
2024-01-04 12:15:00,616.0,3144.0
2024-01-04 12:30:00,616.0,3176.0
2024-01-04 12:45:00,592.0,3168.0
2024-01-04 13:00:00,572.0,3176.0
2024-01-04 13:15:00,564.0,3100.0
2024-01-04 13:30:00,536.0,3056.0
2024-01-04 13:45:00,492.0,2960.0
2024-01-04 14:00:00,448.0,2840.0
2024-01-04 14:15:00,416.0,2780.0
2024-01-04 14:30:00,372.0,2692.0
2024-01-04 14:45:00,316.0,2664.0
2024-01-04 15:00:00,268.0,2736.0
2024-01-04 15:15:00,224.0,2956.0
2024-01-04 15:30:00,168.0,3068.0
2024-01-04 15:45:00,104.0,3148.0
2024-01-04 16:00:00,84.0,2980.0
2024-01-04 16:15:00,16.0,2800.0
2024-01-04 16:30:00,0.0,2852.0
2024-01-04 16:45:00,0.0,3048.0
2024-01-04 17:00:00,0.0,3092.0
2024-01-04 17:15:00,0.0,3132.0
2024-01-04 17:30:00,0.0,3056.0
2024-01-04 17:45:00,0.0,2856.0
2024-01-04 18:00:00,0.0,2668.0
2024-01-04 18:15:00,0.0,2576.0
2024-01-04 18:30:00,0.0,2644.0
2024-01-04 18:45:00,0.0,2556.0
2024-01-04 19:00:00,0.0,2284.0
2024-01-04 19:15:00,0.0,2184.0
2024-01-04 19:30:00,0.0,2280.0
2024-01-04 19:45:00,0.0,2272.0
2024-01-04 20:00:00,0.0,2264.0
2024-01-04 20:15:00,0.0,2300.0
2024-01-04 20:30:00,0.0,2464.0
2024-01-04 20:45:00,0.0,2540.0
2024-01-04 21:00:00,0.0,2504.0
2024-01-04 21:15:00,0.0,2392.0
2024-01-04 21:30:00,0.0,2340.0
2024-01-04 21:45:00,0.0,2368.0
2024-01-04 22:00:00,0.0,2316.0
2024-01-04 22:15:00,0.0,2156.0
2024-01-04 22:30:00,0.0,2072.0
2024-01-04 22:45:00,0.0,1948.0
2024-01-04 23:00:00,0.0,1864.0
2024-01-04 23:15:00,0.0,1824.0
2024-01-04 23:30:00,0.0,1764.0
2024-01-04 23:45:00,0.0,1644.0
2024-01-05 00:00:00,0.0,1504.0
2024-01-05 00:15:00,0.0,1456.0
2024-01-05 00:30:00,0.0,1540.0
2024-01-05 00:45:00,0.0,1584.0
2024-01-05 01:00:00,0.0,1544.0
2024-01-05 01:15:00,0.0,1636.0
2024-01-05 01:30:00,0.0,1740.0
2024-01-05 01:45:00,0.0,1764.0
2024-01-05 02:00:00,0.0,1608.0
2024-01-05 02:15:00,0.0,1424.0
2024-01-05 02:30:00,0.0,1332.0
2024-01-05 02:45:00,0.0,1196.0
2024-01-05 03:00:00,0.0,1120.0
2024-01-05 03:15:00,0.0,1104.0
2024-01-05 03:30:00,0.0,1072.0
2024-01-05 03:45:00,0.0,972.0
2024-01-05 04:00:00,0.0,1004.0
2024-01-05 04:15:00,0.0,1012.0
2024-01-05 04:30:00,0.0,892.0
2024-01-05 04:45:00,0.0,760.0
2024-01-05 05:00:00,0.0,656.0
2024-01-05 05:15:00,0.0,532.0
2024-01-05 05:30:00,0.0,456.0
2024-01-05 05:45:00,0.0,424.0
2024-01-05 06:00:00,0.0,308.0
2024-01-05 06:15:00,0.0,252.0
2024-01-05 06:30:00,0.0,232.0
2024-01-05 06:45:00,0.0,248.0
2024-01-05 07:00:00,0.0,176.0
2024-01-05 07:15:00,0.0,132.0
2024-01-05 07:30:00,0.0,144.0
2024-01-05 07:45:00,36.0,160.0
2024-01-05 08:00:00,64.0,204.0
2024-01-05 08:15:00,72.0,348.0
2024-01-05 08:30:00,88.0,612.0
2024-01-05 08:45:00,108.0,884.0
2024-01-05 09:00:00,136.0,964.0
2024-01-05 09:15:00,172.0,1040.0
2024-01-05 09:30:00,204.0,1164.0
2024-01-05 09:45:00,236.0,1300.0
2024-01-05 10:00:00,276.0,1260.0
2024-01-05 10:15:00,320.0,1196.0
2024-01-05 10:30:00,352.0,1088.0
2024-01-05 10:45:00,380.0,1064.0
2024-01-05 11:00:00,408.0,1096.0
2024-01-05 11:15:00,444.0,1112.0
2024-01-05 11:30:00,468.0,1076.0
2024-01-05 11:45:00,480.0,1076.0
2024-01-05 12:00:00,500.0,1056.0
2024-01-05 12:15:00,528.0,1076.0
2024-01-05 12:30:00,532.0,1056.0
2024-01-05 12:45:00,520.0,1172.0
2024-01-05 13:00:00,512.0,1160.0
2024-01-05 13:15:00,516.0,1100.0
2024-01-05 13:30:00,496.0,1124.0
2024-01-05 13:45:00,452.0,1124.0
2024-01-05 14:00:00,408.0,1112.0
2024-01-05 14:15:00,380.0,1136.0
2024-01-05 14:30:00,336.0,1120.0
2024-01-05 14:45:00,280.0,968.0
2024-01-05 15:00:00,224.0,896.0
2024-01-05 15:15:00,180.0,908.0
2024-01-05 15:30:00,132.0,956.0
2024-01-05 15:45:00,88.0,1032.0
2024-01-05 16:00:00,80.0,1032.0
2024-01-05 16:15:00,16.0,1060.0
2024-01-05 16:30:00,0.0,1132.0
2024-01-05 16:45:00,0.0,1060.0
2024-01-05 17:00:00,0.0,932.0
2024-01-05 17:15:00,0.0,916.0
2024-01-05 17:30:00,0.0,928.0
2024-01-05 17:45:00,0.0,880.0
2024-01-05 18:00:00,0.0,872.0
2024-01-05 18:15:00,0.0,880.0
2024-01-05 18:30:00,0.0,864.0
2024-01-05 18:45:00,0.0,876.0
2024-01-05 19:00:00,0.0,836.0
2024-01-05 19:15:00,0.0,848.0
2024-01-05 19:30:00,0.0,836.0
2024-01-05 19:45:00,0.0,872.0
2024-01-05 20:00:00,0.0,872.0
2024-01-05 20:15:00,0.0,868.0
2024-01-05 20:30:00,0.0,848.0
2024-01-05 20:45:00,0.0,832.0
2024-01-05 21:00:00,0.0,828.0
2024-01-05 21:15:00,0.0,796.0
2024-01-05 21:30:00,0.0,748.0
2024-01-05 21:45:00,0.0,796.0
2024-01-05 22:00:00,0.0,812.0
2024-01-05 22:15:00,0.0,784.0
2024-01-05 22:30:00,0.0,760.0
2024-01-05 22:45:00,0.0,672.0
2024-01-05 23:00:00,0.0,548.0
2024-01-05 23:15:00,0.0,464.0
2024-01-05 23:30:00,0.0,384.0
2024-01-05 23:45:00,0.0,372.0
2024-01-06 00:00:00,0.0,388.0
2024-01-06 00:15:00,0.0,424.0
2024-01-06 00:30:00,0.0,472.0
2024-01-06 00:45:00,0.0,420.0
2024-01-06 01:00:00,0.0,300.0
2024-01-06 01:15:00,0.0,200.0
2024-01-06 01:30:00,0.0,136.0
2024-01-06 01:45:00,0.0,120.0
2024-01-06 02:00:00,0.0,104.0
2024-01-06 02:15:00,0.0,92.0
2024-01-06 02:30:00,0.0,88.0
2024-01-06 02:45:00,0.0,84.0
2024-01-06 03:00:00,0.0,92.0
2024-01-06 03:15:00,0.0,120.0
2024-01-06 03:30:00,0.0,160.0
2024-01-06 03:45:00,0.0,208.0
2024-01-06 04:00:00,0.0,272.0
2024-01-06 04:15:00,0.0,264.0
2024-01-06 04:30:00,0.0,332.0
2024-01-06 04:45:00,0.0,356.0
2024-01-06 05:00:00,0.0,336.0
2024-01-06 05:15:00,0.0,324.0
2024-01-06 05:30:00,0.0,272.0
2024-01-06 05:45:00,0.0,192.0
2024-01-06 06:00:00,0.0,124.0
2024-01-06 06:15:00,0.0,96.0
2024-01-06 06:30:00,0.0,112.0
2024-01-06 06:45:00,0.0,160.0
2024-01-06 07:00:00,0.0,192.0
2024-01-06 07:15:00,0.0,216.0
2024-01-06 07:30:00,0.0,220.0
2024-01-06 07:45:00,36.0,168.0
2024-01-06 08:00:00,64.0,116.0
2024-01-06 08:15:00,68.0,104.0
2024-01-06 08:30:00,72.0,132.0
2024-01-06 08:45:00,76.0,144.0
2024-01-06 09:00:00,84.0,148.0
2024-01-06 09:15:00,92.0,152.0
2024-01-06 09:30:00,104.0,136.0
2024-01-06 09:45:00,112.0,124.0
2024-01-06 10:00:00,128.0,148.0
2024-01-06 10:15:00,136.0,188.0
2024-01-06 10:30:00,148.0,244.0
2024-01-06 10:45:00,156.0,260.0
2024-01-06 11:00:00,164.0,280.0
2024-01-06 11:15:00,172.0,304.0
2024-01-06 11:30:00,180.0,328.0
2024-01-06 11:45:00,184.0,380.0
2024-01-06 12:00:00,188.0,428.0
2024-01-06 12:15:00,192.0,484.0
2024-01-06 12:30:00,192.0,532.0
2024-01-06 12:45:00,188.0,572.0
2024-01-06 13:00:00,184.0,624.0
2024-01-06 13:15:00,180.0,744.0
2024-01-06 13:30:00,172.0,848.0
2024-01-06 13:45:00,164.0,880.0
2024-01-06 14:00:00,156.0,920.0
2024-01-06 14:15:00,148.0,960.0
2024-01-06 14:30:00,136.0,984.0
2024-01-06 14:45:00,124.0,1004.0
2024-01-06 15:00:00,112.0,1028.0
2024-01-06 15:15:00,104.0,1020.0
2024-01-06 15:30:00,92.0,1020.0
2024-01-06 15:45:00,80.0,1052.0
2024-01-06 16:00:00,84.0,1088.0
2024-01-06 16:15:00,20.0,1136.0
2024-01-06 16:30:00,0.0,1160.0
2024-01-06 16:45:00,0.0,1180.0
2024-01-06 17:00:00,0.0,1204.0
2024-01-06 17:15:00,0.0,1212.0
2024-01-06 17:30:00,0.0,1216.0
2024-01-06 17:45:00,0.0,1204.0
2024-01-06 18:00:00,0.0,1220.0
2024-01-06 18:15:00,0.0,1220.0
2024-01-06 18:30:00,0.0,1240.0
2024-01-06 18:45:00,0.0,1240.0
2024-01-06 19:00:00,0.0,1264.0
2024-01-06 19:15:00,0.0,1296.0
2024-01-06 19:30:00,0.0,1356.0
2024-01-06 19:45:00,0.0,1404.0
2024-01-06 20:00:00,0.0,1464.0
2024-01-06 20:15:00,0.0,1536.0
2024-01-06 20:30:00,0.0,1572.0
2024-01-06 20:45:00,0.0,1652.0
2024-01-06 21:00:00,0.0,1684.0
2024-01-06 21:15:00,0.0,1728.0
2024-01-06 21:30:00,0.0,1796.0
2024-01-06 21:45:00,0.0,1808.0
2024-01-06 22:00:00,0.0,1804.0
2024-01-06 22:15:00,0.0,1808.0
2024-01-06 22:30:00,0.0,1836.0
2024-01-06 22:45:00,0.0,1860.0
2024-01-06 23:00:00,0.0,1884.0
2024-01-06 23:15:00,0.0,1940.0
2024-01-06 23:30:00,0.0,1992.0
2024-01-06 23:45:00,0.0,2060.0
2024-01-07 00:00:00,0.0,2108.0
2024-01-07 00:15:00,0.0,2144.0
2024-01-07 00:30:00,0.0,2196.0
2024-01-07 00:45:00,0.0,2276.0
2024-01-07 01:00:00,0.0,2296.0
2024-01-07 01:15:00,0.0,2336.0
2024-01-07 01:30:00,0.0,2356.0
2024-01-07 01:45:00,0.0,2436.0
2024-01-07 02:00:00,0.0,2508.0
2024-01-07 02:15:00,0.0,2560.0
2024-01-07 02:30:00,0.0,2596.0
2024-01-07 02:45:00,0.0,2660.0
2024-01-07 03:00:00,0.0,2724.0
2024-01-07 03:15:00,0.0,2772.0
2024-01-07 03:30:00,0.0,2764.0
2024-01-07 03:45:00,0.0,2804.0
2024-01-07 04:00:00,0.0,2820.0
2024-01-07 04:15:00,0.0,2856.0
2024-01-07 04:30:00,0.0,2852.0
2024-01-07 04:45:00,0.0,2880.0
2024-01-07 05:00:00,0.0,2920.0
2024-01-07 05:15:00,0.0,2944.0
2024-01-07 05:30:00,0.0,2920.0
2024-01-07 05:45:00,0.0,2952.0
2024-01-07 06:00:00,0.0,2976.0
2024-01-07 06:15:00,0.0,2980.0
2024-01-07 06:30:00,0.0,2992.0
2024-01-07 06:45:00,0.0,3012.0
2024-01-07 07:00:00,0.0,3020.0
2024-01-07 07:15:00,0.0,3092.0
2024-01-07 07:30:00,0.0,3084.0
2024-01-07 07:45:00,40.0,3100.0
2024-01-07 08:00:00,76.0,3148.0
2024-01-07 08:15:00,84.0,3204.0
2024-01-07 08:30:00,96.0,3252.0
2024-01-07 08:45:00,108.0,3288.0
2024-01-07 09:00:00,128.0,3308.0
2024-01-07 09:15:00,148.0,3296.0
2024-01-07 09:30:00,168.0,3304.0
2024-01-07 09:45:00,188.0,3308.0
2024-01-07 10:00:00,212.0,3300.0
2024-01-07 10:15:00,236.0,3292.0
2024-01-07 10:30:00,260.0,3304.0
2024-01-07 10:45:00,284.0,3304.0
2024-01-07 11:00:00,304.0,3312.0
2024-01-07 11:15:00,320.0,3308.0
2024-01-07 11:30:00,336.0,3308.0
2024-01-07 11:45:00,348.0,3316.0
2024-01-07 12:00:00,352.0,3316.0
2024-01-07 12:15:00,356.0,3312.0
2024-01-07 12:30:00,352.0,3320.0
2024-01-07 12:45:00,344.0,3304.0
2024-01-07 13:00:00,332.0,3292.0
2024-01-07 13:15:00,320.0,3304.0
2024-01-07 13:30:00,300.0,3300.0
2024-01-07 13:45:00,284.0,3308.0
2024-01-07 14:00:00,264.0,3316.0
2024-01-07 14:15:00,240.0,3300.0
2024-01-07 14:30:00,220.0,3296.0
2024-01-07 14:45:00,196.0,3304.0
2024-01-07 15:00:00,172.0,3300.0
2024-01-07 15:15:00,152.0,3332.0
2024-01-07 15:30:00,136.0,3348.0
2024-01-07 15:45:00,120.0,3336.0
2024-01-07 16:00:00,116.0,3340.0
2024-01-07 16:15:00,28.0,3360.0
2024-01-07 16:30:00,4.0,3344.0
2024-01-07 16:45:00,0.0,3332.0
2024-01-07 17:00:00,0.0,3332.0
2024-01-07 17:15:00,0.0,3324.0
2024-01-07 17:30:00,0.0,3336.0
2024-01-07 17:45:00,0.0,3320.0
2024-01-07 18:00:00,0.0,3316.0
2024-01-07 18:15:00,0.0,3332.0
2024-01-07 18:30:00,0.0,3360.0
2024-01-07 18:45:00,0.0,3352.0
2024-01-07 19:00:00,0.0,3344.0
2024-01-07 19:15:00,0.0,3316.0
2024-01-07 19:30:00,0.0,3320.0
2024-01-07 19:45:00,0.0,3316.0
2024-01-07 20:00:00,0.0,3352.0
2024-01-07 20:15:00,0.0,3348.0
2024-01-07 20:30:00,0.0,3372.0
2024-01-07 20:45:00,0.0,3388.0
2024-01-07 21:00:00,0.0,3388.0
2024-01-07 21:15:00,0.0,3384.0
2024-01-07 21:30:00,0.0,3380.0
2024-01-07 21:45:00,0.0,3400.0
2024-01-07 22:00:00,0.0,3392.0
2024-01-07 22:15:00,0.0,3380.0
2024-01-07 22:30:00,0.0,3388.0
2024-01-07 22:45:00,0.0,3392.0
2024-01-07 23:00:00,0.0,3380.0
2024-01-07 23:15:00,0.0,3388.0
2024-01-07 23:30:00,0.0,3392.0
2024-01-07 23:45:00,0.0,3396.0
2024-01-08 00:00:00,0.0,3400.0
2024-01-08 00:15:00,0.0,3384.0
2024-01-08 00:30:00,0.0,3372.0
2024-01-08 00:45:00,0.0,3376.0
2024-01-08 01:00:00,0.0,3380.0
2024-01-08 01:15:00,0.0,3364.0
2024-01-08 01:30:00,0.0,3344.0
2024-01-08 01:45:00,0.0,3332.0
2024-01-08 02:00:00,0.0,3348.0
2024-01-08 02:15:00,0.0,3356.0
2024-01-08 02:30:00,0.0,3368.0
2024-01-08 02:45:00,0.0,3368.0
2024-01-08 03:00:00,0.0,3364.0
2024-01-08 03:15:00,0.0,3356.0
2024-01-08 03:30:00,0.0,3372.0
2024-01-08 03:45:00,0.0,3368.0
2024-01-08 04:00:00,0.0,3356.0
2024-01-08 04:15:00,0.0,3352.0
2024-01-08 04:30:00,0.0,3352.0
2024-01-08 04:45:00,0.0,3368.0
2024-01-08 05:00:00,0.0,3360.0
2024-01-08 05:15:00,0.0,3356.0
2024-01-08 05:30:00,0.0,3372.0
2024-01-08 05:45:00,0.0,3372.0
2024-01-08 06:00:00,0.0,3356.0
2024-01-08 06:15:00,0.0,3360.0
2024-01-08 06:30:00,0.0,3340.0
2024-01-08 06:45:00,0.0,3340.0
2024-01-08 07:00:00,0.0,3308.0
2024-01-08 07:15:00,0.0,3292.0
2024-01-08 07:30:00,0.0,3272.0
2024-01-08 07:45:00,36.0,3264.0
2024-01-08 08:00:00,64.0,3252.0
2024-01-08 08:15:00,76.0,3252.0
2024-01-08 08:30:00,92.0,3248.0
2024-01-08 08:45:00,112.0,3268.0
2024-01-08 09:00:00,144.0,3268.0
2024-01-08 09:15:00,184.0,3276.0
2024-01-08 09:30:00,216.0,3276.0
2024-01-08 09:45:00,252.0,3280.0
2024-01-08 10:00:00,292.0,3256.0
2024-01-08 10:15:00,336.0,3236.0
2024-01-08 10:30:00,368.0,3212.0
2024-01-08 10:45:00,392.0,3236.0
2024-01-08 11:00:00,424.0,3200.0
2024-01-08 11:15:00,460.0,3208.0
2024-01-08 11:30:00,484.0,3188.0
2024-01-08 11:45:00,488.0,3176.0
2024-01-08 12:00:00,500.0,3184.0
2024-01-08 12:15:00,516.0,3184.0
2024-01-08 12:30:00,516.0,3184.0
2024-01-08 12:45:00,496.0,3184.0
2024-01-08 13:00:00,484.0,3184.0
2024-01-08 13:15:00,480.0,3168.0
2024-01-08 13:30:00,460.0,3184.0
2024-01-08 13:45:00,424.0,3176.0
2024-01-08 14:00:00,388.0,3212.0
2024-01-08 14:15:00,364.0,3212.0
2024-01-08 14:30:00,328.0,3228.0
2024-01-08 14:45:00,280.0,3204.0
2024-01-08 15:00:00,236.0,3184.0
2024-01-08 15:15:00,196.0,3188.0
2024-01-08 15:30:00,148.0,3196.0
2024-01-08 15:45:00,96.0,3232.0
2024-01-08 16:00:00,76.0,3256.0
2024-01-08 16:15:00,28.0,3256.0
2024-01-08 16:30:00,0.0,3244.0
2024-01-08 16:45:00,0.0,3264.0
2024-01-08 17:00:00,0.0,3236.0
2024-01-08 17:15:00,0.0,3228.0
2024-01-08 17:30:00,0.0,3256.0
2024-01-08 17:45:00,0.0,3256.0
2024-01-08 18:00:00,0.0,3284.0
2024-01-08 18:15:00,0.0,3256.0
2024-01-08 18:30:00,0.0,3248.0
2024-01-08 18:45:00,0.0,3212.0
2024-01-08 19:00:00,0.0,3204.0
2024-01-08 19:15:00,0.0,3176.0
2024-01-08 19:30:00,0.0,3172.0
2024-01-08 19:45:00,0.0,3148.0
2024-01-08 20:00:00,0.0,3144.0
2024-01-08 20:15:00,0.0,3144.0
2024-01-08 20:30:00,0.0,3136.0
2024-01-08 20:45:00,0.0,3116.0
2024-01-08 21:00:00,0.0,3092.0
2024-01-08 21:15:00,0.0,3040.0
2024-01-08 21:30:00,0.0,3012.0
2024-01-08 21:45:00,0.0,2988.0
2024-01-08 22:00:00,0.0,2968.0
2024-01-08 22:15:00,0.0,2944.0
2024-01-08 22:30:00,0.0,2876.0
2024-01-08 22:45:00,0.0,2832.0
2024-01-08 23:00:00,0.0,2804.0
2024-01-08 23:15:00,0.0,2760.0
2024-01-08 23:30:00,0.0,2704.0
2024-01-08 23:45:00,0.0,2660.0
2024-01-09 00:00:00,0.0,2644.0
2024-01-09 00:15:00,0.0,2592.0
2024-01-09 00:30:00,0.0,2592.0
2024-01-09 00:45:00,0.0,2424.0
2024-01-09 01:00:00,0.0,2292.0
2024-01-09 01:15:00,0.0,2388.0
2024-01-09 01:30:00,0.0,2416.0
2024-01-09 01:45:00,0.0,2388.0
2024-01-09 02:00:00,0.0,2344.0
2024-01-09 02:15:00,0.0,2320.0
2024-01-09 02:30:00,0.0,2280.0
2024-01-09 02:45:00,0.0,2240.0
2024-01-09 03:00:00,0.0,2252.0
2024-01-09 03:15:00,0.0,2216.0
2024-01-09 03:30:00,0.0,2156.0
2024-01-09 03:45:00,0.0,2084.0
2024-01-09 04:00:00,0.0,2068.0
2024-01-09 04:15:00,0.0,2024.0
2024-01-09 04:30:00,0.0,1960.0
2024-01-09 04:45:00,0.0,1876.0
2024-01-09 05:00:00,0.0,1824.0
2024-01-09 05:15:00,0.0,1768.0
2024-01-09 05:30:00,0.0,1696.0
2024-01-09 05:45:00,0.0,1664.0
2024-01-09 06:00:00,0.0,1640.0
2024-01-09 06:15:00,0.0,1588.0
2024-01-09 06:30:00,0.0,1512.0
2024-01-09 06:45:00,0.0,1408.0
2024-01-09 07:00:00,0.0,1304.0
2024-01-09 07:15:00,0.0,1196.0
2024-01-09 07:30:00,0.0,1104.0
2024-01-09 07:45:00,32.0,1048.0
2024-01-09 08:00:00,68.0,984.0
2024-01-09 08:15:00,92.0,916.0
2024-01-09 08:30:00,120.0,864.0
2024-01-09 08:45:00,156.0,784.0
2024-01-09 09:00:00,200.0,712.0
2024-01-09 09:15:00,264.0,692.0
2024-01-09 09:30:00,312.0,668.0
2024-01-09 09:45:00,356.0,648.0
2024-01-09 10:00:00,408.0,648.0
2024-01-09 10:15:00,472.0,656.0
2024-01-09 10:30:00,520.0,628.0
2024-01-09 10:45:00,552.0,600.0
2024-01-09 11:00:00,592.0,608.0
2024-01-09 11:15:00,644.0,600.0
2024-01-09 11:30:00,672.0,560.0
2024-01-09 11:45:00,672.0,520.0
2024-01-09 12:00:00,688.0,488.0
2024-01-09 12:15:00,712.0,468.0
2024-01-09 12:30:00,712.0,424.0
2024-01-09 12:45:00,684.0,368.0
2024-01-09 13:00:00,660.0,332.0
2024-01-09 13:15:00,656.0,312.0
2024-01-09 13:30:00,628.0,276.0
2024-01-09 13:45:00,572.0,240.0
2024-01-09 14:00:00,524.0,204.0
2024-01-09 14:15:00,488.0,180.0
2024-01-09 14:30:00,436.0,164.0
2024-01-09 14:45:00,376.0,156.0
2024-01-09 15:00:00,316.0,148.0
2024-01-09 15:15:00,260.0,152.0
2024-01-09 15:30:00,192.0,168.0
2024-01-09 15:45:00,112.0,188.0
2024-01-09 16:00:00,80.0,204.0
2024-01-09 16:15:00,32.0,196.0
2024-01-09 16:30:00,0.0,188.0
2024-01-09 16:45:00,0.0,188.0
2024-01-09 17:00:00,0.0,184.0
2024-01-09 17:15:00,0.0,176.0
2024-01-09 17:30:00,0.0,176.0
2024-01-09 17:45:00,0.0,188.0
2024-01-09 18:00:00,0.0,192.0
2024-01-09 18:15:00,0.0,208.0
2024-01-09 18:30:00,0.0,220.0
2024-01-09 18:45:00,0.0,232.0
2024-01-09 19:00:00,0.0,228.0
2024-01-09 19:15:00,0.0,236.0
2024-01-09 19:30:00,0.0,244.0
2024-01-09 19:45:00,0.0,256.0
2024-01-09 20:00:00,0.0,244.0
2024-01-09 20:15:00,0.0,208.0
2024-01-09 20:30:00,0.0,176.0
2024-01-09 20:45:00,0.0,180.0
2024-01-09 21:00:00,0.0,200.0
2024-01-09 21:15:00,0.0,216.0
2024-01-09 21:30:00,0.0,208.0
2024-01-09 21:45:00,0.0,176.0
2024-01-09 22:00:00,0.0,156.0
2024-01-09 22:15:00,0.0,144.0
2024-01-09 22:30:00,0.0,144.0
2024-01-09 22:45:00,0.0,144.0
2024-01-09 23:00:00,0.0,136.0
2024-01-09 23:15:00,0.0,124.0
2024-01-09 23:30:00,0.0,112.0
2024-01-09 23:45:00,0.0,108.0
2024-01-10 00:00:00,0.0,100.0
2024-01-10 00:15:00,0.0,100.0
2024-01-10 00:30:00,0.0,100.0
2024-01-10 00:45:00,0.0,100.0
2024-01-10 01:00:00,0.0,108.0
2024-01-10 01:15:00,0.0,112.0
2024-01-10 01:30:00,0.0,112.0
2024-01-10 01:45:00,0.0,124.0
2024-01-10 02:00:00,0.0,144.0
2024-01-10 02:15:00,0.0,156.0
2024-01-10 02:30:00,0.0,176.0
2024-01-10 02:45:00,0.0,192.0
2024-01-10 03:00:00,0.0,208.0
2024-01-10 03:15:00,0.0,212.0
2024-01-10 03:30:00,0.0,228.0
2024-01-10 03:45:00,0.0,260.0
2024-01-10 04:00:00,0.0,284.0
2024-01-10 04:15:00,0.0,304.0
2024-01-10 04:30:00,0.0,328.0
2024-01-10 04:45:00,0.0,348.0
2024-01-10 05:00:00,0.0,360.0
2024-01-10 05:15:00,0.0,368.0
2024-01-10 05:30:00,0.0,380.0
2024-01-10 05:45:00,0.0,392.0
2024-01-10 06:00:00,0.0,412.0
2024-01-10 06:15:00,0.0,444.0
2024-01-10 06:30:00,0.0,468.0
2024-01-10 06:45:00,0.0,484.0
2024-01-10 07:00:00,0.0,476.0
2024-01-10 07:15:00,0.0,476.0
2024-01-10 07:30:00,0.0,472.0
2024-01-10 07:45:00,32.0,472.0
2024-01-10 08:00:00,64.0,492.0
2024-01-10 08:15:00,92.0,508.0
2024-01-10 08:30:00,124.0,512.0
2024-01-10 08:45:00,160.0,512.0
2024-01-10 09:00:00,208.0,516.0
2024-01-10 09:15:00,276.0,492.0
2024-01-10 09:30:00,324.0,476.0
2024-01-10 09:45:00,372.0,464.0
2024-01-10 10:00:00,432.0,456.0
2024-01-10 10:15:00,500.0,428.0
2024-01-10 10:30:00,552.0,388.0
2024-01-10 10:45:00,588.0,360.0
2024-01-10 11:00:00,632.0,348.0
2024-01-10 11:15:00,692.0,348.0
2024-01-10 11:30:00,728.0,344.0
2024-01-10 11:45:00,732.0,344.0
2024-01-10 12:00:00,748.0,348.0
2024-01-10 12:15:00,784.0,340.0
2024-01-10 12:30:00,788.0,340.0
2024-01-10 12:45:00,760.0,332.0
2024-01-10 13:00:00,740.0,320.0
2024-01-10 13:15:00,740.0,304.0
2024-01-10 13:30:00,712.0,304.0
2024-01-10 13:45:00,652.0,332.0
2024-01-10 14:00:00,604.0,364.0
2024-01-10 14:15:00,564.0,428.0
2024-01-10 14:30:00,512.0,512.0
2024-01-10 14:45:00,440.0,600.0
2024-01-10 15:00:00,372.0,644.0
2024-01-10 15:15:00,312.0,684.0
2024-01-10 15:30:00,228.0,716.0
2024-01-10 15:45:00,132.0,752.0
2024-01-10 16:00:00,84.0,780.0
2024-01-10 16:15:00,44.0,868.0
2024-01-10 16:30:00,4.0,944.0
2024-01-10 16:45:00,0.0,1028.0
2024-01-10 17:00:00,0.0,1112.0
2024-01-10 17:15:00,0.0,1180.0
2024-01-10 17:30:00,0.0,1212.0
2024-01-10 17:45:00,0.0,1244.0
2024-01-10 18:00:00,0.0,1232.0
2024-01-10 18:15:00,0.0,1236.0
2024-01-10 18:30:00,0.0,1264.0
2024-01-10 18:45:00,0.0,1272.0
2024-01-10 19:00:00,0.0,1268.0
2024-01-10 19:15:00,0.0,1260.0
2024-01-10 19:30:00,0.0,1212.0
2024-01-10 19:45:00,0.0,1180.0
2024-01-10 20:00:00,0.0,1172.0
2024-01-10 20:15:00,0.0,1228.0
2024-01-10 20:30:00,0.0,1236.0
2024-01-10 20:45:00,0.0,1208.0
2024-01-10 21:00:00,0.0,1224.0
2024-01-10 21:15:00,0.0,1216.0
2024-01-10 21:30:00,0.0,1224.0
2024-01-10 21:45:00,0.0,1188.0
2024-01-10 22:00:00,0.0,1164.0
2024-01-10 22:15:00,0.0,1204.0
2024-01-10 22:30:00,0.0,1272.0
2024-01-10 22:45:00,0.0,1268.0
2024-01-10 23:00:00,0.0,1280.0
2024-01-10 23:15:00,0.0,1188.0
2024-01-10 23:30:00,0.0,1100.0
2024-01-10 23:45:00,0.0,1004.0
2024-01-11 00:00:00,0.0,968.0
2024-01-11 00:15:00,0.0,960.0
2024-01-11 00:30:00,0.0,932.0
2024-01-11 00:45:00,0.0,916.0
2024-01-11 01:00:00,0.0,892.0
2024-01-11 01:15:00,0.0,892.0
2024-01-11 01:30:00,0.0,912.0
2024-01-11 01:45:00,0.0,936.0
2024-01-11 02:00:00,0.0,936.0
2024-01-11 02:15:00,0.0,880.0
2024-01-11 02:30:00,0.0,780.0
2024-01-11 02:45:00,0.0,748.0
2024-01-11 03:00:00,0.0,744.0
2024-01-11 03:15:00,0.0,656.0
2024-01-11 03:30:00,0.0,596.0
2024-01-11 03:45:00,0.0,600.0
2024-01-11 04:00:00,0.0,528.0
2024-01-11 04:15:00,0.0,496.0
2024-01-11 04:30:00,0.0,496.0
2024-01-11 04:45:00,0.0,488.0
2024-01-11 05:00:00,0.0,464.0
2024-01-11 05:15:00,0.0,392.0
2024-01-11 05:30:00,0.0,316.0
2024-01-11 05:45:00,0.0,220.0
2024-01-11 06:00:00,0.0,140.0
2024-01-11 06:15:00,0.0,100.0
2024-01-11 06:30:00,0.0,40.0
2024-01-11 06:45:00,0.0,28.0
2024-01-11 07:00:00,0.0,16.0
2024-01-11 07:15:00,0.0,20.0
2024-01-11 07:30:00,0.0,24.0
2024-01-11 07:45:00,36.0,40.0
2024-01-11 08:00:00,68.0,32.0
2024-01-11 08:15:00,96.0,32.0
2024-01-11 08:30:00,128.0,32.0
2024-01-11 08:45:00,168.0,64.0
2024-01-11 09:00:00,216.0,80.0
2024-01-11 09:15:00,284.0,96.0
2024-01-11 09:30:00,332.0,100.0
2024-01-11 09:45:00,380.0,104.0
2024-01-11 10:00:00,444.0,112.0
2024-01-11 10:15:00,516.0,120.0
2024-01-11 10:30:00,572.0,132.0
2024-01-11 10:45:00,608.0,156.0
2024-01-11 11:00:00,656.0,192.0
2024-01-11 11:15:00,720.0,224.0
2024-01-11 11:30:00,756.0,272.0
2024-01-11 11:45:00,760.0,316.0
2024-01-11 12:00:00,784.0,340.0
2024-01-11 12:15:00,824.0,364.0
2024-01-11 12:30:00,828.0,444.0
2024-01-11 12:45:00,796.0,476.0
2024-01-11 13:00:00,776.0,476.0
2024-01-11 13:15:00,776.0,472.0
2024-01-11 13:30:00,744.0,504.0
2024-01-11 13:45:00,684.0,556.0
2024-01-11 14:00:00,628.0,640.0
2024-01-11 14:15:00,588.0,620.0
2024-01-11 14:30:00,532.0,556.0
2024-01-11 14:45:00,460.0,580.0
2024-01-11 15:00:00,388.0,624.0
2024-01-11 15:15:00,324.0,692.0
2024-01-11 15:30:00,240.0,788.0
2024-01-11 15:45:00,140.0,848.0
2024-01-11 16:00:00,92.0,900.0
2024-01-11 16:15:00,64.0,996.0
2024-01-11 16:30:00,4.0,1044.0
2024-01-11 16:45:00,0.0,1112.0
2024-01-11 17:00:00,0.0,1184.0
2024-01-11 17:15:00,0.0,1224.0
2024-01-11 17:30:00,0.0,1304.0
2024-01-11 17:45:00,0.0,1468.0
2024-01-11 18:00:00,0.0,1640.0
2024-01-11 18:15:00,0.0,1740.0
2024-01-11 18:30:00,0.0,1952.0
2024-01-11 18:45:00,0.0,2148.0
2024-01-11 19:00:00,0.0,2248.0
2024-01-11 19:15:00,0.0,2352.0
2024-01-11 19:30:00,0.0,2408.0
2024-01-11 19:45:00,0.0,2480.0
2024-01-11 20:00:00,0.0,2636.0
2024-01-11 20:15:00,0.0,2676.0
2024-01-11 20:30:00,0.0,2740.0
2024-01-11 20:45:00,0.0,2628.0
2024-01-11 21:00:00,0.0,2520.0
2024-01-11 21:15:00,0.0,2468.0
2024-01-11 21:30:00,0.0,2468.0
2024-01-11 21:45:00,0.0,2420.0
2024-01-11 22:00:00,0.0,2444.0
2024-01-11 22:15:00,0.0,2496.0
2024-01-11 22:30:00,0.0,2560.0
2024-01-11 22:45:00,0.0,2592.0
2024-01-11 23:00:00,0.0,2408.0
2024-01-11 23:15:00,0.0,2372.0
2024-01-11 23:30:00,0.0,2308.0
2024-01-11 23:45:00,0.0,2200.0
2024-01-12 00:00:00,0.0,2140.0
2024-01-12 00:15:00,0.0,2128.0
2024-01-12 00:30:00,0.0,2140.0
2024-01-12 00:45:00,0.0,2128.0
2024-01-12 01:00:00,0.0,2020.0
2024-01-12 01:15:00,0.0,2000.0
2024-01-12 01:30:00,0.0,2040.0
2024-01-12 01:45:00,0.0,2020.0
2024-01-12 02:00:00,0.0,2044.0
2024-01-12 02:15:00,0.0,2060.0
2024-01-12 02:30:00,0.0,2156.0
2024-01-12 02:45:00,0.0,2212.0
2024-01-12 03:00:00,0.0,2256.0
2024-01-12 03:15:00,0.0,2264.0
2024-01-12 03:30:00,0.0,2272.0
2024-01-12 03:45:00,0.0,2272.0
2024-01-12 04:00:00,0.0,2116.0
2024-01-12 04:15:00,0.0,2128.0
2024-01-12 04:30:00,0.0,2132.0
2024-01-12 04:45:00,0.0,2132.0
2024-01-12 05:00:00,0.0,2024.0
2024-01-12 05:15:00,0.0,2000.0
2024-01-12 05:30:00,0.0,1996.0
2024-01-12 05:45:00,0.0,1992.0
2024-01-12 06:00:00,0.0,1856.0
2024-01-12 06:15:00,0.0,1672.0
2024-01-12 06:30:00,0.0,1652.0
2024-01-12 06:45:00,0.0,1632.0
2024-01-12 07:00:00,0.0,1596.0
2024-01-12 07:15:00,0.0,1552.0
2024-01-12 07:30:00,0.0,1440.0
2024-01-12 07:45:00,36.0,1408.0
2024-01-12 08:00:00,64.0,1348.0
2024-01-12 08:15:00,84.0,1272.0
2024-01-12 08:30:00,112.0,1208.0
2024-01-12 08:45:00,144.0,1180.0
2024-01-12 09:00:00,192.0,1176.0
2024-01-12 09:15:00,244.0,1184.0
2024-01-12 09:30:00,292.0,1196.0
2024-01-12 09:45:00,340.0,1180.0
2024-01-12 10:00:00,400.0,1156.0
2024-01-12 10:15:00,468.0,1192.0
2024-01-12 10:30:00,516.0,1208.0
2024-01-12 10:45:00,552.0,1212.0
2024-01-12 11:00:00,604.0,1188.0
2024-01-12 11:15:00,660.0,1184.0
2024-01-12 11:30:00,696.0,1252.0
2024-01-12 11:45:00,700.0,1276.0
2024-01-12 12:00:00,720.0,1332.0
2024-01-12 12:15:00,752.0,1332.0
2024-01-12 12:30:00,756.0,1344.0
2024-01-12 12:45:00,732.0,1328.0
2024-01-12 13:00:00,720.0,1320.0
2024-01-12 13:15:00,716.0,1308.0
2024-01-12 13:30:00,688.0,1384.0
2024-01-12 13:45:00,636.0,1376.0
2024-01-12 14:00:00,588.0,1356.0
2024-01-12 14:15:00,552.0,1324.0
2024-01-12 14:30:00,500.0,1288.0
2024-01-12 14:45:00,432.0,1248.0
2024-01-12 15:00:00,372.0,1284.0
2024-01-12 15:15:00,312.0,1308.0
2024-01-12 15:30:00,232.0,1296.0
2024-01-12 15:45:00,140.0,1324.0
2024-01-12 16:00:00,92.0,1328.0
2024-01-12 16:15:00,72.0,1272.0
2024-01-12 16:30:00,4.0,1224.0
2024-01-12 16:45:00,0.0,1196.0
2024-01-12 17:00:00,0.0,1192.0
2024-01-12 17:15:00,0.0,1172.0
2024-01-12 17:30:00,0.0,1236.0
2024-01-12 17:45:00,0.0,1216.0
2024-01-12 18:00:00,0.0,1208.0
2024-01-12 18:15:00,0.0,1236.0
2024-01-12 18:30:00,0.0,1216.0
2024-01-12 18:45:00,0.0,1184.0
2024-01-12 19:00:00,0.0,1204.0
2024-01-12 19:15:00,0.0,1180.0
2024-01-12 19:30:00,0.0,1052.0
2024-01-12 19:45:00,0.0,956.0
2024-01-12 20:00:00,0.0,900.0
2024-01-12 20:15:00,0.0,824.0
2024-01-12 20:30:00,0.0,796.0
2024-01-12 20:45:00,0.0,796.0
2024-01-12 21:00:00,0.0,804.0
2024-01-12 21:15:00,0.0,848.0
2024-01-12 21:30:00,0.0,928.0
2024-01-12 21:45:00,0.0,1000.0
2024-01-12 22:00:00,0.0,988.0
2024-01-12 22:15:00,0.0,952.0
2024-01-12 22:30:00,0.0,904.0
2024-01-12 22:45:00,0.0,952.0
2024-01-12 23:00:00,0.0,1064.0
2024-01-12 23:15:00,0.0,1160.0
2024-01-12 23:30:00,0.0,1212.0
2024-01-12 23:45:00,0.0,1208.0
2024-01-13 00:00:00,0.0,1292.0
2024-01-13 00:15:00,0.0,1320.0
2024-01-13 00:30:00,0.0,1336.0
2024-01-13 00:45:00,0.0,1324.0
2024-01-13 01:00:00,0.0,1320.0
2024-01-13 01:15:00,0.0,1324.0
2024-01-13 01:30:00,0.0,1324.0
2024-01-13 01:45:00,0.0,1260.0
2024-01-13 02:00:00,0.0,1224.0
2024-01-13 02:15:00,0.0,1232.0
2024-01-13 02:30:00,0.0,1240.0
2024-01-13 02:45:00,0.0,1360.0
2024-01-13 03:00:00,0.0,1484.0
2024-01-13 03:15:00,0.0,1556.0
2024-01-13 03:30:00,0.0,1524.0
2024-01-13 03:45:00,0.0,1580.0
2024-01-13 04:00:00,0.0,1620.0
2024-01-13 04:15:00,0.0,1544.0
2024-01-13 04:30:00,0.0,1488.0
2024-01-13 04:45:00,0.0,1516.0
2024-01-13 05:00:00,0.0,1552.0
2024-01-13 05:15:00,0.0,1572.0
2024-01-13 05:30:00,0.0,1676.0
2024-01-13 05:45:00,0.0,1672.0
2024-01-13 06:00:00,0.0,1644.0
2024-01-13 06:15:00,0.0,1648.0
2024-01-13 06:30:00,0.0,1696.0
2024-01-13 06:45:00,0.0,1768.0
2024-01-13 07:00:00,0.0,1752.0
2024-01-13 07:15:00,0.0,1728.0
2024-01-13 07:30:00,0.0,1692.0
2024-01-13 07:45:00,44.0,1704.0
2024-01-13 08:00:00,68.0,1624.0
2024-01-13 08:15:00,100.0,1612.0
2024-01-13 08:30:00,136.0,1716.0
2024-01-13 08:45:00,176.0,1748.0
2024-01-13 09:00:00,232.0,1784.0
2024-01-13 09:15:00,300.0,1724.0
2024-01-13 09:30:00,356.0,1728.0
2024-01-13 09:45:00,420.0,1648.0
2024-01-13 10:00:00,492.0,1512.0
2024-01-13 10:15:00,576.0,1372.0
2024-01-13 10:30:00,640.0,1352.0
2024-01-13 10:45:00,684.0,1296.0
2024-01-13 11:00:00,740.0,1152.0
2024-01-13 11:15:00,812.0,988.0
2024-01-13 11:30:00,852.0,880.0
2024-01-13 11:45:00,860.0,780.0
2024-01-13 12:00:00,880.0,656.0
2024-01-13 12:15:00,916.0,572.0
2024-01-13 12:30:00,916.0,548.0
2024-01-13 12:45:00,880.0,552.0
2024-01-13 13:00:00,856.0,548.0
2024-01-13 13:15:00,852.0,504.0
2024-01-13 13:30:00,816.0,472.0
2024-01-13 13:45:00,752.0,400.0
2024-01-13 14:00:00,692.0,344.0
2024-01-13 14:15:00,652.0,332.0
2024-01-13 14:30:00,588.0,320.0
2024-01-13 14:45:00,508.0,292.0
2024-01-13 15:00:00,432.0,264.0
2024-01-13 15:15:00,360.0,252.0
2024-01-13 15:30:00,268.0,252.0
2024-01-13 15:45:00,160.0,248.0
2024-01-13 16:00:00,100.0,252.0
2024-01-13 16:15:00,84.0,248.0
2024-01-13 16:30:00,8.0,268.0
2024-01-13 16:45:00,0.0,304.0
2024-01-13 17:00:00,0.0,332.0
2024-01-13 17:15:00,0.0,308.0
2024-01-13 17:30:00,0.0,324.0
2024-01-13 17:45:00,0.0,344.0
2024-01-13 18:00:00,0.0,348.0
2024-01-13 18:15:00,0.0,344.0
2024-01-13 18:30:00,0.0,356.0
2024-01-13 18:45:00,0.0,384.0
2024-01-13 19:00:00,0.0,364.0
2024-01-13 19:15:00,0.0,380.0
2024-01-13 19:30:00,0.0,436.0
2024-01-13 19:45:00,0.0,528.0
2024-01-13 20:00:00,0.0,652.0
2024-01-13 20:15:00,0.0,716.0
2024-01-13 20:30:00,0.0,832.0
2024-01-13 20:45:00,0.0,1020.0
2024-01-13 21:00:00,0.0,1128.0
2024-01-13 21:15:00,0.0,1152.0
2024-01-13 21:30:00,0.0,1180.0
2024-01-13 21:45:00,0.0,1208.0
2024-01-13 22:00:00,0.0,1252.0
2024-01-13 22:15:00,0.0,1304.0
2024-01-13 22:30:00,0.0,1288.0
2024-01-13 22:45:00,0.0,1328.0
2024-01-13 23:00:00,0.0,1476.0
2024-01-13 23:15:00,0.0,1632.0
2024-01-13 23:30:00,0.0,1772.0
2024-01-13 23:45:00,0.0,1896.0
2024-01-14 00:00:00,0.0,2028.0
2024-01-14 00:15:00,0.0,2180.0
2024-01-14 00:30:00,0.0,2296.0
2024-01-14 00:45:00,0.0,2352.0
2024-01-14 01:00:00,0.0,2468.0
2024-01-14 01:15:00,0.0,2488.0
2024-01-14 01:30:00,0.0,2420.0
2024-01-14 01:45:00,0.0,2560.0
2024-01-14 02:00:00,0.0,2704.0
2024-01-14 02:15:00,0.0,2588.0
2024-01-14 02:30:00,0.0,2472.0
2024-01-14 02:45:00,0.0,2328.0
2024-01-14 03:00:00,0.0,2172.0
2024-01-14 03:15:00,0.0,2100.0
2024-01-14 03:30:00,0.0,2024.0
2024-01-14 03:45:00,0.0,1960.0
2024-01-14 04:00:00,0.0,1932.0
2024-01-14 04:15:00,0.0,1856.0
2024-01-14 04:30:00,0.0,1812.0
2024-01-14 04:45:00,0.0,1780.0
2024-01-14 05:00:00,0.0,1748.0
2024-01-14 05:15:00,0.0,1756.0
2024-01-14 05:30:00,0.0,1732.0
2024-01-14 05:45:00,0.0,1692.0
2024-01-14 06:00:00,0.0,1624.0
2024-01-14 06:15:00,0.0,1556.0
2024-01-14 06:30:00,0.0,1572.0
2024-01-14 06:45:00,0.0,1444.0
2024-01-14 07:00:00,0.0,1316.0
2024-01-14 07:15:00,0.0,1240.0
2024-01-14 07:30:00,0.0,1240.0
2024-01-14 07:45:00,48.0,1228.0
2024-01-14 08:00:00,68.0,1212.0
2024-01-14 08:15:00,92.0,1292.0
2024-01-14 08:30:00,124.0,1316.0
2024-01-14 08:45:00,156.0,1348.0
2024-01-14 09:00:00,208.0,1308.0
2024-01-14 09:15:00,272.0,1276.0
2024-01-14 09:30:00,324.0,1296.0
2024-01-14 09:45:00,384.0,1352.0
2024-01-14 10:00:00,452.0,1452.0
2024-01-14 10:15:00,524.0,1496.0
2024-01-14 10:30:00,588.0,1480.0
2024-01-14 10:45:00,636.0,1412.0
2024-01-14 11:00:00,696.0,1400.0
2024-01-14 11:15:00,768.0,1388.0
2024-01-14 11:30:00,808.0,1424.0
2024-01-14 11:45:00,824.0,1492.0
2024-01-14 12:00:00,852.0,1540.0
2024-01-14 12:15:00,892.0,1632.0
2024-01-14 12:30:00,896.0,1632.0
2024-01-14 12:45:00,868.0,1636.0
2024-01-14 13:00:00,848.0,1620.0
2024-01-14 13:15:00,844.0,1608.0
2024-01-14 13:30:00,808.0,1556.0
2024-01-14 13:45:00,744.0,1508.0
2024-01-14 14:00:00,688.0,1528.0
2024-01-14 14:15:00,648.0,1520.0
2024-01-14 14:30:00,588.0,1480.0
2024-01-14 14:45:00,504.0,1488.0
2024-01-14 15:00:00,432.0,1516.0
2024-01-14 15:15:00,360.0,1456.0
2024-01-14 15:30:00,268.0,1384.0
2024-01-14 15:45:00,160.0,1348.0
2024-01-14 16:00:00,100.0,1348.0
2024-01-14 16:15:00,88.0,1336.0
2024-01-14 16:30:00,8.0,1296.0
2024-01-14 16:45:00,0.0,1280.0
2024-01-14 17:00:00,0.0,1256.0
2024-01-14 17:15:00,0.0,1344.0
2024-01-14 17:30:00,0.0,1304.0
2024-01-14 17:45:00,0.0,1192.0
2024-01-14 18:00:00,0.0,1232.0
2024-01-14 18:15:00,0.0,1272.0
2024-01-14 18:30:00,0.0,1268.0
2024-01-14 18:45:00,0.0,1256.0
2024-01-14 19:00:00,0.0,1136.0
2024-01-14 19:15:00,0.0,1008.0
2024-01-14 19:30:00,0.0,888.0
2024-01-14 19:45:00,0.0,808.0
2024-01-14 20:00:00,0.0,760.0
2024-01-14 20:15:00,0.0,716.0
2024-01-14 20:30:00,0.0,704.0
2024-01-14 20:45:00,0.0,660.0
2024-01-14 21:00:00,0.0,620.0
2024-01-14 21:15:00,0.0,564.0
2024-01-14 21:30:00,0.0,504.0
2024-01-14 21:45:00,0.0,464.0
2024-01-14 22:00:00,0.0,456.0
2024-01-14 22:15:00,0.0,448.0
2024-01-14 22:30:00,0.0,436.0
2024-01-14 22:45:00,0.0,412.0
2024-01-14 23:00:00,0.0,368.0
2024-01-14 23:15:00,0.0,352.0
2024-01-14 23:30:00,0.0,324.0
2024-01-14 23:45:00,0.0,336.0
2024-01-15 00:00:00,0.0,332.0
2024-01-15 00:15:00,0.0,308.0
2024-01-15 00:30:00,0.0,324.0
2024-01-15 00:45:00,0.0,324.0
2024-01-15 01:00:00,0.0,356.0
2024-01-15 01:15:00,0.0,392.0
2024-01-15 01:30:00,0.0,380.0
2024-01-15 01:45:00,0.0,336.0
2024-01-15 02:00:00,0.0,380.0
2024-01-15 02:15:00,0.0,424.0
2024-01-15 02:30:00,0.0,452.0
2024-01-15 02:45:00,0.0,516.0
2024-01-15 03:00:00,0.0,504.0
2024-01-15 03:15:00,0.0,528.0
2024-01-15 03:30:00,0.0,544.0
2024-01-15 03:45:00,0.0,652.0
2024-01-15 04:00:00,0.0,700.0
2024-01-15 04:15:00,0.0,864.0
2024-01-15 04:30:00,0.0,1296.0
2024-01-15 04:45:00,0.0,1716.0
2024-01-15 05:00:00,0.0,2236.0
2024-01-15 05:15:00,0.0,2424.0
2024-01-15 05:30:00,0.0,2452.0
2024-01-15 05:45:00,0.0,2548.0
2024-01-15 06:00:00,0.0,2696.0
2024-01-15 06:15:00,0.0,2876.0
2024-01-15 06:30:00,0.0,2956.0
2024-01-15 06:45:00,0.0,3016.0
2024-01-15 07:00:00,0.0,3156.0
2024-01-15 07:15:00,0.0,3248.0
2024-01-15 07:30:00,0.0,3216.0
2024-01-15 07:45:00,44.0,3256.0
2024-01-15 08:00:00,64.0,3320.0
2024-01-15 08:15:00,88.0,3300.0
2024-01-15 08:30:00,120.0,3268.0
2024-01-15 08:45:00,152.0,3192.0
2024-01-15 09:00:00,200.0,3056.0
2024-01-15 09:15:00,248.0,2972.0
2024-01-15 09:30:00,296.0,2868.0
2024-01-15 09:45:00,344.0,2724.0
2024-01-15 10:00:00,400.0,2648.0
2024-01-15 10:15:00,468.0,2680.0
2024-01-15 10:30:00,516.0,2888.0
2024-01-15 10:45:00,548.0,3068.0
2024-01-15 11:00:00,592.0,2992.0
2024-01-15 11:15:00,644.0,2872.0
2024-01-15 11:30:00,672.0,2904.0
2024-01-15 11:45:00,676.0,2876.0
2024-01-15 12:00:00,692.0,2800.0
2024-01-15 12:15:00,716.0,2948.0
2024-01-15 12:30:00,720.0,3100.0
2024-01-15 12:45:00,696.0,3104.0
2024-01-15 13:00:00,680.0,3104.0
2024-01-15 13:15:00,672.0,3148.0
2024-01-15 13:30:00,644.0,3176.0
2024-01-15 13:45:00,596.0,3156.0
2024-01-15 14:00:00,548.0,3132.0
2024-01-15 14:15:00,516.0,3132.0
2024-01-15 14:30:00,468.0,2988.0
2024-01-15 14:45:00,408.0,2892.0
2024-01-15 15:00:00,348.0,2904.0
2024-01-15 15:15:00,292.0,2952.0
2024-01-15 15:30:00,220.0,2916.0
2024-01-15 15:45:00,136.0,2736.0
2024-01-15 16:00:00,92.0,2532.0
2024-01-15 16:15:00,84.0,2304.0
2024-01-15 16:30:00,12.0,2204.0
2024-01-15 16:45:00,0.0,2208.0
2024-01-15 17:00:00,0.0,2244.0
2024-01-15 17:15:00,0.0,2304.0
2024-01-15 17:30:00,0.0,2392.0
2024-01-15 17:45:00,0.0,2420.0
2024-01-15 18:00:00,0.0,2372.0
2024-01-15 18:15:00,0.0,2372.0
2024-01-15 18:30:00,0.0,2440.0
2024-01-15 18:45:00,0.0,2592.0
2024-01-15 19:00:00,0.0,2636.0
2024-01-15 19:15:00,0.0,2720.0
2024-01-15 19:30:00,0.0,2860.0
2024-01-15 19:45:00,0.0,2932.0
2024-01-15 20:00:00,0.0,3044.0
2024-01-15 20:15:00,0.0,3184.0
2024-01-15 20:30:00,0.0,3256.0
2024-01-15 20:45:00,0.0,3092.0
2024-01-15 21:00:00,0.0,2960.0
2024-01-15 21:15:00,0.0,3040.0
2024-01-15 21:30:00,0.0,3132.0
2024-01-15 21:45:00,0.0,3192.0
2024-01-15 22:00:00,0.0,3168.0
2024-01-15 22:15:00,0.0,3108.0
2024-01-15 22:30:00,0.0,3172.0
2024-01-15 22:45:00,0.0,3280.0
2024-01-15 23:00:00,0.0,3348.0
2024-01-15 23:15:00,0.0,3260.0
2024-01-15 23:30:00,0.0,3276.0
2024-01-15 23:45:00,0.0,3244.0
2024-01-16 00:00:00,0.0,3196.0
2024-01-16 00:15:00,0.0,3200.0
2024-01-16 00:30:00,0.0,3244.0
2024-01-16 00:45:00,0.0,3248.0
2024-01-16 01:00:00,0.0,3208.0
2024-01-16 01:15:00,0.0,3320.0
2024-01-16 01:30:00,0.0,3312.0
2024-01-16 01:45:00,0.0,3244.0
2024-01-16 02:00:00,0.0,3184.0
2024-01-16 02:15:00,0.0,3136.0
2024-01-16 02:30:00,0.0,3208.0
2024-01-16 02:45:00,0.0,3252.0
2024-01-16 03:00:00,0.0,3256.0
2024-01-16 03:15:00,0.0,3264.0
2024-01-16 03:30:00,0.0,3208.0
2024-01-16 03:45:00,0.0,3204.0
2024-01-16 04:00:00,0.0,3216.0
2024-01-16 04:15:00,0.0,3140.0
2024-01-16 04:30:00,0.0,3092.0
2024-01-16 04:45:00,0.0,3036.0
2024-01-16 05:00:00,0.0,3064.0
2024-01-16 05:15:00,0.0,3048.0
2024-01-16 05:30:00,0.0,3156.0
2024-01-16 05:45:00,0.0,3276.0
2024-01-16 06:00:00,0.0,3328.0
2024-01-16 06:15:00,0.0,3332.0
2024-01-16 06:30:00,0.0,3276.0
2024-01-16 06:45:00,0.0,3248.0
2024-01-16 07:00:00,0.0,3268.0
2024-01-16 07:15:00,0.0,3296.0
2024-01-16 07:30:00,0.0,3292.0
2024-01-16 07:45:00,44.0,3260.0
2024-01-16 08:00:00,64.0,3188.0
2024-01-16 08:15:00,96.0,3172.0
2024-01-16 08:30:00,132.0,3104.0
2024-01-16 08:45:00,172.0,3020.0
2024-01-16 09:00:00,224.0,3000.0
2024-01-16 09:15:00,284.0,3000.0
2024-01-16 09:30:00,336.0,3004.0
2024-01-16 09:45:00,388.0,2928.0
2024-01-16 10:00:00,448.0,2940.0
2024-01-16 10:15:00,520.0,2956.0
2024-01-16 10:30:00,576.0,2948.0
2024-01-16 10:45:00,612.0,2904.0
2024-01-16 11:00:00,660.0,2908.0
2024-01-16 11:15:00,720.0,2896.0
2024-01-16 11:30:00,752.0,2860.0
2024-01-16 11:45:00,748.0,2700.0
2024-01-16 12:00:00,760.0,2560.0
2024-01-16 12:15:00,788.0,2436.0
2024-01-16 12:30:00,784.0,2332.0
2024-01-16 12:45:00,744.0,2192.0
2024-01-16 13:00:00,712.0,1988.0
2024-01-16 13:15:00,696.0,1628.0
2024-01-16 13:30:00,660.0,1324.0
2024-01-16 13:45:00,604.0,988.0
2024-01-16 14:00:00,556.0,744.0
2024-01-16 14:15:00,516.0,616.0
2024-01-16 14:30:00,468.0,556.0
2024-01-16 14:45:00,408.0,472.0
2024-01-16 15:00:00,352.0,344.0
2024-01-16 15:15:00,296.0,276.0
2024-01-16 15:30:00,228.0,232.0
2024-01-16 15:45:00,152.0,172.0
2024-01-16 16:00:00,104.0,112.0
2024-01-16 16:15:00,92.0,88.0
2024-01-16 16:30:00,12.0,80.0
2024-01-16 16:45:00,0.0,68.0
2024-01-16 17:00:00,0.0,64.0
2024-01-16 17:15:00,0.0,60.0
2024-01-16 17:30:00,0.0,44.0
2024-01-16 17:45:00,0.0,56.0
2024-01-16 18:00:00,0.0,64.0
2024-01-16 18:15:00,0.0,88.0
2024-01-16 18:30:00,0.0,100.0
2024-01-16 18:45:00,0.0,104.0
2024-01-16 19:00:00,0.0,108.0
2024-01-16 19:15:00,0.0,140.0
2024-01-16 19:30:00,0.0,172.0
2024-01-16 19:45:00,0.0,200.0
2024-01-16 20:00:00,0.0,228.0
2024-01-16 20:15:00,0.0,252.0
2024-01-16 20:30:00,0.0,280.0
2024-01-16 20:45:00,0.0,288.0
2024-01-16 21:00:00,0.0,264.0
2024-01-16 21:15:00,0.0,256.0
2024-01-16 21:30:00,0.0,292.0
2024-01-16 21:45:00,0.0,352.0
2024-01-16 22:00:00,0.0,412.0
2024-01-16 22:15:00,0.0,472.0
2024-01-16 22:30:00,0.0,512.0
2024-01-16 22:45:00,0.0,512.0
2024-01-16 23:00:00,0.0,516.0
2024-01-16 23:15:00,0.0,536.0
2024-01-16 23:30:00,0.0,504.0
2024-01-16 23:45:00,0.0,524.0
2024-01-17 00:00:00,0.0,604.0
2024-01-17 00:15:00,0.0,588.0
2024-01-17 00:30:00,0.0,560.0
2024-01-17 00:45:00,0.0,576.0
2024-01-17 01:00:00,0.0,588.0
2024-01-17 01:15:00,0.0,676.0
2024-01-17 01:30:00,0.0,736.0
2024-01-17 01:45:00,0.0,728.0
2024-01-17 02:00:00,0.0,696.0
2024-01-17 02:15:00,0.0,656.0
2024-01-17 02:30:00,0.0,608.0
2024-01-17 02:45:00,0.0,596.0
2024-01-17 03:00:00,0.0,600.0
2024-01-17 03:15:00,0.0,544.0
2024-01-17 03:30:00,0.0,512.0
2024-01-17 03:45:00,0.0,512.0
2024-01-17 04:00:00,0.0,524.0
2024-01-17 04:15:00,0.0,492.0
2024-01-17 04:30:00,0.0,496.0
2024-01-17 04:45:00,0.0,472.0
2024-01-17 05:00:00,0.0,428.0
2024-01-17 05:15:00,0.0,440.0
2024-01-17 05:30:00,0.0,424.0
2024-01-17 05:45:00,0.0,392.0
2024-01-17 06:00:00,0.0,388.0
2024-01-17 06:15:00,0.0,372.0
2024-01-17 06:30:00,0.0,380.0
2024-01-17 06:45:00,0.0,344.0
2024-01-17 07:00:00,0.0,328.0
2024-01-17 07:15:00,0.0,332.0
2024-01-17 07:30:00,0.0,336.0
2024-01-17 07:45:00,48.0,316.0
2024-01-17 08:00:00,60.0,308.0
2024-01-17 08:15:00,72.0,340.0
2024-01-17 08:30:00,84.0,388.0
2024-01-17 08:45:00,100.0,432.0
2024-01-17 09:00:00,128.0,448.0
2024-01-17 09:15:00,156.0,516.0
2024-01-17 09:30:00,188.0,528.0
2024-01-17 09:45:00,224.0,568.0
2024-01-17 10:00:00,268.0,624.0
2024-01-17 10:15:00,312.0,696.0
2024-01-17 10:30:00,352.0,740.0
2024-01-17 10:45:00,380.0,752.0
2024-01-17 11:00:00,420.0,776.0
2024-01-17 11:15:00,464.0,820.0
2024-01-17 11:30:00,492.0,828.0
2024-01-17 11:45:00,500.0,812.0
2024-01-17 12:00:00,516.0,856.0
2024-01-17 12:15:00,540.0,904.0
2024-01-17 12:30:00,536.0,984.0
2024-01-17 12:45:00,508.0,1100.0
2024-01-17 13:00:00,484.0,1148.0
2024-01-17 13:15:00,468.0,1152.0
2024-01-17 13:30:00,440.0,1172.0
2024-01-17 13:45:00,404.0,1192.0
2024-01-17 14:00:00,364.0,1116.0
2024-01-17 14:15:00,328.0,1044.0
2024-01-17 14:30:00,292.0,952.0
2024-01-17 14:45:00,252.0,972.0
2024-01-17 15:00:00,212.0,916.0
2024-01-17 15:15:00,176.0,836.0
2024-01-17 15:30:00,140.0,840.0
2024-01-17 15:45:00,108.0,912.0
2024-01-17 16:00:00,84.0,912.0
2024-01-17 16:15:00,72.0,908.0
2024-01-17 16:30:00,16.0,924.0
2024-01-17 16:45:00,0.0,900.0
2024-01-17 17:00:00,0.0,924.0
2024-01-17 17:15:00,0.0,976.0
2024-01-17 17:30:00,0.0,1020.0
2024-01-17 17:45:00,0.0,1068.0
2024-01-17 18:00:00,0.0,1132.0
2024-01-17 18:15:00,0.0,1216.0
2024-01-17 18:30:00,0.0,1408.0
2024-01-17 18:45:00,0.0,1428.0
2024-01-17 19:00:00,0.0,1364.0
2024-01-17 19:15:00,0.0,1380.0
2024-01-17 19:30:00,0.0,1320.0
2024-01-17 19:45:00,0.0,1308.0
2024-01-17 20:00:00,0.0,1360.0
2024-01-17 20:15:00,0.0,1416.0
2024-01-17 20:30:00,0.0,1416.0
2024-01-17 20:45:00,0.0,1352.0
2024-01-17 21:00:00,0.0,1448.0
2024-01-17 21:15:00,0.0,1472.0
2024-01-17 21:30:00,0.0,1532.0
2024-01-17 21:45:00,0.0,1548.0
2024-01-17 22:00:00,0.0,1540.0
2024-01-17 22:15:00,0.0,1560.0
2024-01-17 22:30:00,0.0,1424.0
2024-01-17 22:45:00,0.0,1400.0
2024-01-17 23:00:00,0.0,1344.0
2024-01-17 23:15:00,0.0,1280.0
2024-01-17 23:30:00,0.0,1228.0
2024-01-17 23:45:00,0.0,1136.0
2024-01-18 00:00:00,0.0,1040.0
2024-01-18 00:15:00,0.0,1000.0
2024-01-18 00:30:00,0.0,940.0
2024-01-18 00:45:00,0.0,824.0
2024-01-18 01:00:00,0.0,696.0
2024-01-18 01:15:00,0.0,652.0
2024-01-18 01:30:00,0.0,648.0
2024-01-18 01:45:00,0.0,576.0
2024-01-18 02:00:00,0.0,532.0
2024-01-18 02:15:00,0.0,440.0
2024-01-18 02:30:00,0.0,376.0
2024-01-18 02:45:00,0.0,304.0
2024-01-18 03:00:00,0.0,228.0
2024-01-18 03:15:00,0.0,208.0
2024-01-18 03:30:00,0.0,192.0
2024-01-18 03:45:00,0.0,140.0
2024-01-18 04:00:00,0.0,116.0
2024-01-18 04:15:00,0.0,116.0
2024-01-18 04:30:00,0.0,108.0
2024-01-18 04:45:00,0.0,104.0
2024-01-18 05:00:00,0.0,132.0
2024-01-18 05:15:00,0.0,180.0
2024-01-18 05:30:00,0.0,224.0
2024-01-18 05:45:00,0.0,212.0
2024-01-18 06:00:00,0.0,184.0
2024-01-18 06:15:00,0.0,192.0
2024-01-18 06:30:00,0.0,256.0
2024-01-18 06:45:00,0.0,288.0
2024-01-18 07:00:00,0.0,320.0
2024-01-18 07:15:00,0.0,376.0
2024-01-18 07:30:00,0.0,400.0
2024-01-18 07:45:00,56.0,424.0
2024-01-18 08:00:00,64.0,444.0
2024-01-18 08:15:00,76.0,448.0
2024-01-18 08:30:00,88.0,432.0
2024-01-18 08:45:00,116.0,424.0
2024-01-18 09:00:00,152.0,436.0
2024-01-18 09:15:00,192.0,628.0
2024-01-18 09:30:00,236.0,364.0
2024-01-18 09:45:00,292.0,336.0
2024-01-18 10:00:00,360.0,296.0
2024-01-18 10:15:00,428.0,256.0
2024-01-18 10:30:00,488.0,220.0
2024-01-18 10:45:00,536.0,212.0
2024-01-18 11:00:00,596.0,204.0
2024-01-18 11:15:00,668.0,204.0
2024-01-18 11:30:00,712.0,224.0
2024-01-18 11:45:00,728.0,244.0
2024-01-18 12:00:00,760.0,240.0
2024-01-18 12:15:00,804.0,252.0
2024-01-18 12:30:00,812.0,264.0
2024-01-18 12:45:00,776.0,236.0
2024-01-18 13:00:00,752.0,244.0
2024-01-18 13:15:00,744.0,264.0
2024-01-18 13:30:00,708.0,288.0
2024-01-18 13:45:00,644.0,352.0
2024-01-18 14:00:00,580.0,404.0
2024-01-18 14:15:00,536.0,524.0
2024-01-18 14:30:00,484.0,656.0
2024-01-18 14:45:00,420.0,748.0
2024-01-18 15:00:00,360.0,808.0
2024-01-18 15:15:00,300.0,772.0
2024-01-18 15:30:00,232.0,828.0
2024-01-18 15:45:00,156.0,824.0
2024-01-18 16:00:00,104.0,876.0
2024-01-18 16:15:00,92.0,876.0
2024-01-18 16:30:00,20.0,840.0
2024-01-18 16:45:00,0.0,804.0
2024-01-18 17:00:00,0.0,840.0
2024-01-18 17:15:00,0.0,844.0
2024-01-18 17:30:00,0.0,852.0
2024-01-18 17:45:00,0.0,852.0
2024-01-18 18:00:00,0.0,780.0
2024-01-18 18:15:00,0.0,724.0
2024-01-18 18:30:00,0.0,672.0
2024-01-18 18:45:00,0.0,652.0
2024-01-18 19:00:00,0.0,684.0
2024-01-18 19:15:00,0.0,720.0
2024-01-18 19:30:00,0.0,732.0
2024-01-18 19:45:00,0.0,896.0
2024-01-18 20:00:00,0.0,1128.0
2024-01-18 20:15:00,0.0,1364.0
2024-01-18 20:30:00,0.0,1472.0
2024-01-18 20:45:00,0.0,1896.0
2024-01-18 21:00:00,0.0,2576.0
2024-01-18 21:15:00,0.0,2900.0
2024-01-18 21:30:00,0.0,2912.0
2024-01-18 21:45:00,0.0,2968.0
2024-01-18 22:00:00,0.0,3156.0
2024-01-18 22:15:00,0.0,3292.0
2024-01-18 22:30:00,0.0,3264.0
2024-01-18 22:45:00,0.0,3260.0
2024-01-18 23:00:00,0.0,3240.0
2024-01-18 23:15:00,0.0,3176.0
2024-01-18 23:30:00,0.0,3156.0
2024-01-18 23:45:00,0.0,3144.0
2024-01-19 00:00:00,0.0,3124.0
2024-01-19 00:15:00,0.0,3168.0
2024-01-19 00:30:00,0.0,3148.0
2024-01-19 00:45:00,0.0,3024.0
2024-01-19 01:00:00,0.0,3120.0
2024-01-19 01:15:00,0.0,3112.0
2024-01-19 01:30:00,0.0,3112.0
2024-01-19 01:45:00,0.0,3136.0
2024-01-19 02:00:00,0.0,3160.0
2024-01-19 02:15:00,0.0,3120.0
2024-01-19 02:30:00,0.0,3028.0
2024-01-19 02:45:00,0.0,2972.0
2024-01-19 03:00:00,0.0,2908.0
2024-01-19 03:15:00,0.0,2904.0
2024-01-19 03:30:00,0.0,2828.0
2024-01-19 03:45:00,0.0,2724.0
2024-01-19 04:00:00,0.0,2608.0
2024-01-19 04:15:00,0.0,2520.0
2024-01-19 04:30:00,0.0,2588.0
2024-01-19 04:45:00,0.0,2588.0
2024-01-19 05:00:00,0.0,2584.0
2024-01-19 05:15:00,0.0,2612.0
2024-01-19 05:30:00,0.0,2616.0
2024-01-19 05:45:00,0.0,2588.0
2024-01-19 06:00:00,0.0,2632.0
2024-01-19 06:15:00,0.0,2604.0
2024-01-19 06:30:00,0.0,2556.0
2024-01-19 06:45:00,0.0,2516.0
2024-01-19 07:00:00,0.0,2432.0
2024-01-19 07:15:00,0.0,2316.0
2024-01-19 07:30:00,0.0,2172.0
2024-01-19 07:45:00,56.0,2068.0
2024-01-19 08:00:00,64.0,2024.0
2024-01-19 08:15:00,72.0,2004.0
2024-01-19 08:30:00,84.0,2004.0
2024-01-19 08:45:00,96.0,2148.0
2024-01-19 09:00:00,120.0,2328.0
2024-01-19 09:15:00,144.0,2040.0
2024-01-19 09:30:00,168.0,2052.0
2024-01-19 09:45:00,200.0,2056.0
2024-01-19 10:00:00,232.0,2452.0
2024-01-19 10:15:00,268.0,2412.0
2024-01-19 10:30:00,300.0,2440.0
2024-01-19 10:45:00,328.0,2508.0
2024-01-19 11:00:00,360.0,2528.0
2024-01-19 11:15:00,396.0,2132.0
2024-01-19 11:30:00,420.0,2572.0
2024-01-19 11:45:00,436.0,2568.0
2024-01-19 12:00:00,456.0,2580.0
2024-01-19 12:15:00,480.0,2580.0
2024-01-19 12:30:00,492.0,2576.0
2024-01-19 12:45:00,492.0,2520.0
2024-01-19 13:00:00,496.0,2488.0
2024-01-19 13:15:00,504.0,2484.0
2024-01-19 13:30:00,496.0,2540.0
2024-01-19 13:45:00,472.0,2596.0
2024-01-19 14:00:00,452.0,2616.0
2024-01-19 14:15:00,444.0,2540.0
2024-01-19 14:30:00,416.0,2476.0
2024-01-19 14:45:00,368.0,2376.0
2024-01-19 15:00:00,324.0,2264.0
2024-01-19 15:15:00,284.0,2148.0
2024-01-19 15:30:00,232.0,2212.0
2024-01-19 15:45:00,168.0,2164.0
2024-01-19 16:00:00,116.0,2028.0
2024-01-19 16:15:00,88.0,1924.0
2024-01-19 16:30:00,28.0,1880.0
2024-01-19 16:45:00,0.0,1896.0
2024-01-19 17:00:00,0.0,1936.0
2024-01-19 17:15:00,0.0,1976.0
2024-01-19 17:30:00,0.0,2032.0
2024-01-19 17:45:00,0.0,2016.0
2024-01-19 18:00:00,0.0,2040.0
2024-01-19 18:15:00,0.0,2016.0
2024-01-19 18:30:00,0.0,1892.0
2024-01-19 18:45:00,0.0,1884.0
2024-01-19 19:00:00,0.0,1880.0
2024-01-19 19:15:00,0.0,1788.0
2024-01-19 19:30:00,0.0,1760.0
2024-01-19 19:45:00,0.0,1852.0
2024-01-19 20:00:00,0.0,1940.0
2024-01-19 20:15:00,0.0,1992.0
2024-01-19 20:30:00,0.0,2048.0
2024-01-19 20:45:00,0.0,2104.0
2024-01-19 21:00:00,0.0,2232.0
2024-01-19 21:15:00,0.0,2344.0
2024-01-19 21:30:00,0.0,2288.0
2024-01-19 21:45:00,0.0,2316.0
2024-01-19 22:00:00,0.0,2284.0
2024-01-19 22:15:00,0.0,2228.0
2024-01-19 22:30:00,0.0,2188.0
2024-01-19 22:45:00,0.0,2172.0
2024-01-19 23:00:00,0.0,2152.0
2024-01-19 23:15:00,0.0,2092.0
2024-01-19 23:30:00,0.0,2092.0
2024-01-19 23:45:00,0.0,2068.0
2024-01-20 00:00:00,0.0,2116.0
2024-01-20 00:15:00,0.0,2176.0
2024-01-20 00:30:00,0.0,2096.0
2024-01-20 00:45:00,0.0,1960.0
2024-01-20 01:00:00,0.0,1820.0
2024-01-20 01:15:00,0.0,1756.0
2024-01-20 01:30:00,0.0,1728.0
2024-01-20 01:45:00,0.0,1612.0
2024-01-20 02:00:00,0.0,1456.0
2024-01-20 02:15:00,0.0,1312.0
2024-01-20 02:30:00,0.0,1284.0
2024-01-20 02:45:00,0.0,1352.0
2024-01-20 03:00:00,0.0,1324.0
2024-01-20 03:15:00,0.0,1276.0
2024-01-20 03:30:00,0.0,1260.0
2024-01-20 03:45:00,0.0,1392.0
2024-01-20 04:00:00,0.0,1356.0
2024-01-20 04:15:00,0.0,1324.0
2024-01-20 04:30:00,0.0,1332.0
2024-01-20 04:45:00,0.0,1284.0
2024-01-20 05:00:00,0.0,1288.0
2024-01-20 05:15:00,0.0,1388.0
2024-01-20 05:30:00,0.0,1392.0
2024-01-20 05:45:00,0.0,1416.0
2024-01-20 06:00:00,0.0,1564.0
2024-01-20 06:15:00,0.0,1604.0
2024-01-20 06:30:00,0.0,1528.0
2024-01-20 06:45:00,0.0,1440.0
2024-01-20 07:00:00,0.0,1276.0
2024-01-20 07:15:00,0.0,1176.0
2024-01-20 07:30:00,0.0,1088.0
2024-01-20 07:45:00,60.0,1004.0
2024-01-20 08:00:00,84.0,1028.0
2024-01-20 08:15:00,124.0,1020.0
2024-01-20 08:30:00,172.0,996.0
2024-01-20 08:45:00,216.0,1008.0
2024-01-20 09:00:00,296.0,972.0
2024-01-20 09:15:00,364.0,852.0
2024-01-20 09:30:00,436.0,784.0
2024-01-20 09:45:00,512.0,752.0
2024-01-20 10:00:00,600.0,696.0
2024-01-20 10:15:00,696.0,616.0
2024-01-20 10:30:00,772.0,584.0
2024-01-20 10:45:00,820.0,568.0
2024-01-20 11:00:00,884.0,572.0
2024-01-20 11:15:00,964.0,536.0
2024-01-20 11:30:00,1008.0,540.0
2024-01-20 11:45:00,1016.0,552.0
2024-01-20 12:00:00,1040.0,544.0
2024-01-20 12:15:00,1088.0,592.0
2024-01-20 12:30:00,1096.0,636.0
2024-01-20 12:45:00,1056.0,668.0
2024-01-20 13:00:00,1032.0,652.0
2024-01-20 13:15:00,1028.0,604.0
2024-01-20 13:30:00,984.0,532.0
2024-01-20 13:45:00,900.0,504.0
2024-01-20 14:00:00,828.0,512.0
2024-01-20 14:15:00,776.0,536.0
2024-01-20 14:30:00,696.0,560.0
2024-01-20 14:45:00,600.0,584.0
2024-01-20 15:00:00,508.0,548.0
2024-01-20 15:15:00,424.0,524.0
2024-01-20 15:30:00,332.0,524.0
2024-01-20 15:45:00,240.0,512.0
2024-01-20 16:00:00,156.0,488.0
2024-01-20 16:15:00,108.0,504.0
2024-01-20 16:30:00,36.0,556.0
2024-01-20 16:45:00,4.0,648.0
2024-01-20 17:00:00,0.0,732.0
2024-01-20 17:15:00,0.0,816.0
2024-01-20 17:30:00,0.0,872.0
2024-01-20 17:45:00,0.0,884.0
2024-01-20 18:00:00,0.0,924.0
2024-01-20 18:15:00,0.0,960.0
2024-01-20 18:30:00,0.0,936.0
2024-01-20 18:45:00,0.0,888.0
2024-01-20 19:00:00,0.0,852.0
2024-01-20 19:15:00,0.0,936.0
2024-01-20 19:30:00,0.0,1024.0
2024-01-20 19:45:00,0.0,1060.0
2024-01-20 20:00:00,0.0,1212.0
2024-01-20 20:15:00,0.0,1412.0
2024-01-20 20:30:00,0.0,1552.0
2024-01-20 20:45:00,0.0,1516.0
2024-01-20 21:00:00,0.0,1376.0
2024-01-20 21:15:00,0.0,1304.0
2024-01-20 21:30:00,0.0,1264.0
2024-01-20 21:45:00,0.0,1220.0
2024-01-20 22:00:00,0.0,1192.0
2024-01-20 22:15:00,0.0,1204.0
2024-01-20 22:30:00,0.0,1196.0
2024-01-20 22:45:00,0.0,1216.0
2024-01-20 23:00:00,0.0,1072.0
2024-01-20 23:15:00,0.0,936.0
2024-01-20 23:30:00,0.0,832.0
2024-01-20 23:45:00,0.0,768.0
2024-01-21 00:00:00,0.0,728.0
2024-01-21 00:15:00,0.0,684.0
2024-01-21 00:30:00,0.0,648.0
2024-01-21 00:45:00,0.0,596.0
2024-01-21 01:00:00,0.0,552.0
2024-01-21 01:15:00,0.0,548.0
2024-01-21 01:30:00,0.0,528.0
2024-01-21 01:45:00,0.0,480.0
2024-01-21 02:00:00,0.0,436.0
2024-01-21 02:15:00,0.0,420.0
2024-01-21 02:30:00,0.0,368.0
2024-01-21 02:45:00,0.0,328.0
2024-01-21 03:00:00,0.0,292.0
2024-01-21 03:15:00,0.0,220.0
2024-01-21 03:30:00,0.0,152.0
2024-01-21 03:45:00,0.0,96.0
2024-01-21 04:00:00,0.0,56.0
2024-01-21 04:15:00,0.0,40.0
2024-01-21 04:30:00,0.0,24.0
2024-01-21 04:45:00,0.0,12.0
2024-01-21 05:00:00,0.0,16.0
2024-01-21 05:15:00,0.0,16.0
2024-01-21 05:30:00,0.0,20.0
2024-01-21 05:45:00,0.0,24.0
2024-01-21 06:00:00,0.0,24.0
2024-01-21 06:15:00,0.0,20.0
2024-01-21 06:30:00,0.0,16.0
2024-01-21 06:45:00,0.0,8.0
2024-01-21 07:00:00,0.0,4.0
2024-01-21 07:15:00,0.0,4.0
2024-01-21 07:30:00,0.0,8.0
2024-01-21 07:45:00,64.0,8.0
2024-01-21 08:00:00,84.0,12.0
2024-01-21 08:15:00,124.0,16.0
2024-01-21 08:30:00,176.0,16.0
2024-01-21 08:45:00,224.0,20.0
2024-01-21 09:00:00,304.0,28.0
2024-01-21 09:15:00,376.0,32.0
2024-01-21 09:30:00,452.0,40.0
2024-01-21 09:45:00,536.0,48.0
2024-01-21 10:00:00,620.0,60.0
2024-01-21 10:15:00,724.0,68.0
2024-01-21 10:30:00,800.0,72.0
2024-01-21 10:45:00,852.0,80.0
2024-01-21 11:00:00,924.0,84.0
2024-01-21 11:15:00,1008.0,108.0
2024-01-21 11:30:00,1056.0,164.0
2024-01-21 11:45:00,1064.0,220.0
2024-01-21 12:00:00,1088.0,284.0
2024-01-21 12:15:00,1140.0,344.0
2024-01-21 12:30:00,1144.0,448.0
2024-01-21 12:45:00,1100.0,524.0
2024-01-21 13:00:00,1072.0,568.0
2024-01-21 13:15:00,1064.0,664.0
2024-01-21 13:30:00,1016.0,724.0
2024-01-21 13:45:00,928.0,820.0
2024-01-21 14:00:00,852.0,888.0
2024-01-21 14:15:00,792.0,916.0
2024-01-21 14:30:00,712.0,824.0
2024-01-21 14:45:00,612.0,816.0
2024-01-21 15:00:00,512.0,764.0
2024-01-21 15:15:00,424.0,708.0
2024-01-21 15:30:00,328.0,672.0
2024-01-21 15:45:00,236.0,684.0
2024-01-21 16:00:00,156.0,688.0
2024-01-21 16:15:00,108.0,756.0
2024-01-21 16:30:00,52.0,940.0
2024-01-21 16:45:00,4.0,1112.0
2024-01-21 17:00:00,0.0,1320.0
2024-01-21 17:15:00,0.0,1412.0
2024-01-21 17:30:00,0.0,1408.0
2024-01-21 17:45:00,0.0,1464.0
2024-01-21 18:00:00,0.0,1460.0
2024-01-21 18:15:00,0.0,1504.0
2024-01-21 18:30:00,0.0,1628.0
2024-01-21 18:45:00,0.0,1736.0
2024-01-21 19:00:00,0.0,1808.0
2024-01-21 19:15:00,0.0,1840.0
2024-01-21 19:30:00,0.0,1796.0
2024-01-21 19:45:00,0.0,1764.0
2024-01-21 20:00:00,0.0,1784.0
2024-01-21 20:15:00,0.0,1796.0
2024-01-21 20:30:00,0.0,1708.0
2024-01-21 20:45:00,0.0,1664.0
2024-01-21 21:00:00,0.0,1616.0
2024-01-21 21:15:00,0.0,1608.0
2024-01-21 21:30:00,0.0,1544.0
2024-01-21 21:45:00,0.0,1480.0
2024-01-21 22:00:00,0.0,1388.0
2024-01-21 22:15:00,0.0,1364.0
2024-01-21 22:30:00,0.0,1348.0
2024-01-21 22:45:00,0.0,1228.0
2024-01-21 23:00:00,0.0,1204.0
2024-01-21 23:15:00,0.0,1220.0
2024-01-21 23:30:00,0.0,1288.0
2024-01-21 23:45:00,0.0,1256.0
2024-01-22 00:00:00,0.0,1232.0
2024-01-22 00:15:00,0.0,1204.0
2024-01-22 00:30:00,0.0,1204.0
2024-01-22 00:45:00,0.0,1196.0
2024-01-22 01:00:00,0.0,1172.0
2024-01-22 01:15:00,0.0,1184.0
2024-01-22 01:30:00,0.0,1188.0
2024-01-22 01:45:00,0.0,1164.0
2024-01-22 02:00:00,0.0,1192.0
2024-01-22 02:15:00,0.0,1284.0
2024-01-22 02:30:00,0.0,1364.0
2024-01-22 02:45:00,0.0,1476.0
2024-01-22 03:00:00,0.0,1520.0
2024-01-22 03:15:00,0.0,1608.0
2024-01-22 03:30:00,0.0,1664.0
2024-01-22 03:45:00,0.0,1700.0
2024-01-22 04:00:00,0.0,1760.0
2024-01-22 04:15:00,0.0,1732.0
2024-01-22 04:30:00,0.0,1768.0
2024-01-22 04:45:00,0.0,1840.0
2024-01-22 05:00:00,0.0,1800.0
2024-01-22 05:15:00,0.0,1708.0
2024-01-22 05:30:00,0.0,1592.0
2024-01-22 05:45:00,0.0,1588.0
2024-01-22 06:00:00,0.0,1680.0
2024-01-22 06:15:00,0.0,1708.0
2024-01-22 06:30:00,0.0,1712.0
2024-01-22 06:45:00,0.0,1784.0
2024-01-22 07:00:00,0.0,1932.0
2024-01-22 07:15:00,0.0,2068.0
2024-01-22 07:30:00,0.0,2108.0
2024-01-22 07:45:00,64.0,2156.0
2024-01-22 08:00:00,84.0,2204.0
2024-01-22 08:15:00,128.0,2244.0
2024-01-22 08:30:00,172.0,2360.0
2024-01-22 08:45:00,208.0,2508.0
2024-01-22 09:00:00,272.0,2508.0
2024-01-22 09:15:00,336.0,2456.0
2024-01-22 09:30:00,396.0,2508.0
2024-01-22 09:45:00,444.0,2512.0
2024-01-22 10:00:00,504.0,2568.0
2024-01-22 10:15:00,568.0,2756.0
2024-01-22 10:30:00,612.0,2740.0
2024-01-22 10:45:00,640.0,2632.0
2024-01-22 11:00:00,676.0,2544.0
2024-01-22 11:15:00,724.0,2584.0
2024-01-22 11:30:00,744.0,2564.0
2024-01-22 11:45:00,744.0,2512.0
2024-01-22 12:00:00,748.0,2440.0
2024-01-22 12:15:00,768.0,2324.0
2024-01-22 12:30:00,760.0,2228.0
2024-01-22 12:45:00,728.0,2224.0
2024-01-22 13:00:00,700.0,2136.0
2024-01-22 13:15:00,680.0,2060.0
2024-01-22 13:30:00,640.0,1968.0
2024-01-22 13:45:00,580.0,2028.0
2024-01-22 14:00:00,520.0,2204.0
2024-01-22 14:15:00,472.0,2348.0
2024-01-22 14:30:00,416.0,2308.0
2024-01-22 14:45:00,360.0,2236.0
2024-01-22 15:00:00,300.0,2248.0
2024-01-22 15:15:00,240.0,2260.0
2024-01-22 15:30:00,192.0,2244.0
2024-01-22 15:45:00,152.0,2236.0
2024-01-22 16:00:00,116.0,2192.0
2024-01-22 16:15:00,92.0,2220.0
2024-01-22 16:30:00,56.0,2256.0
2024-01-22 16:45:00,4.0,2228.0
2024-01-22 17:00:00,0.0,2236.0
2024-01-22 17:15:00,0.0,2156.0
2024-01-22 17:30:00,0.0,2244.0
2024-01-22 17:45:00,0.0,2364.0
2024-01-22 18:00:00,0.0,2392.0
2024-01-22 18:15:00,0.0,2260.0
2024-01-22 18:30:00,0.0,2212.0
2024-01-22 18:45:00,0.0,2280.0
2024-01-22 19:00:00,0.0,2188.0
2024-01-22 19:15:00,0.0,1948.0
2024-01-22 19:30:00,0.0,1820.0
2024-01-22 19:45:00,0.0,1764.0
2024-01-22 20:00:00,0.0,1700.0
2024-01-22 20:15:00,0.0,1548.0
2024-01-22 20:30:00,0.0,1372.0
2024-01-22 20:45:00,0.0,1192.0
2024-01-22 21:00:00,0.0,1072.0
2024-01-22 21:15:00,0.0,924.0
2024-01-22 21:30:00,0.0,780.0
2024-01-22 21:45:00,0.0,660.0
2024-01-22 22:00:00,0.0,628.0
2024-01-22 22:15:00,0.0,580.0
2024-01-22 22:30:00,0.0,576.0
2024-01-22 22:45:00,0.0,680.0
2024-01-22 23:00:00,0.0,780.0
2024-01-22 23:15:00,0.0,668.0
2024-01-22 23:30:00,0.0,580.0
2024-01-22 23:45:00,0.0,340.0
2024-01-23 00:00:00,0.0,276.0
2024-01-23 00:15:00,0.0,348.0
2024-01-23 00:30:00,0.0,404.0
2024-01-23 00:45:00,0.0,420.0
2024-01-23 01:00:00,0.0,324.0
2024-01-23 01:15:00,0.0,320.0
2024-01-23 01:30:00,0.0,312.0
2024-01-23 01:45:00,0.0,292.0
2024-01-23 02:00:00,0.0,260.0
2024-01-23 02:15:00,0.0,256.0
2024-01-23 02:30:00,0.0,272.0
2024-01-23 02:45:00,0.0,276.0
2024-01-23 03:00:00,0.0,264.0
2024-01-23 03:15:00,0.0,268.0
2024-01-23 03:30:00,0.0,264.0
2024-01-23 03:45:00,0.0,240.0
2024-01-23 04:00:00,0.0,224.0
2024-01-23 04:15:00,0.0,220.0
2024-01-23 04:30:00,0.0,212.0
2024-01-23 04:45:00,0.0,204.0
2024-01-23 05:00:00,0.0,208.0
2024-01-23 05:15:00,0.0,228.0
2024-01-23 05:30:00,0.0,244.0
2024-01-23 05:45:00,0.0,268.0
2024-01-23 06:00:00,0.0,324.0
2024-01-23 06:15:00,0.0,356.0
2024-01-23 06:30:00,0.0,380.0
2024-01-23 06:45:00,0.0,468.0
2024-01-23 07:00:00,0.0,516.0
2024-01-23 07:15:00,0.0,556.0
2024-01-23 07:30:00,8.0,516.0
2024-01-23 07:45:00,68.0,520.0
2024-01-23 08:00:00,80.0,520.0
2024-01-23 08:15:00,108.0,568.0
2024-01-23 08:30:00,144.0,588.0
2024-01-23 08:45:00,176.0,648.0
2024-01-23 09:00:00,228.0,788.0
2024-01-23 09:15:00,284.0,932.0
2024-01-23 09:30:00,336.0,1124.0
2024-01-23 09:45:00,388.0,1268.0
2024-01-23 10:00:00,444.0,1408.0
2024-01-23 10:15:00,504.0,1532.0
2024-01-23 10:30:00,552.0,1628.0
2024-01-23 10:45:00,584.0,1744.0
2024-01-23 11:00:00,628.0,1828.0
2024-01-23 11:15:00,676.0,1944.0
2024-01-23 11:30:00,708.0,2144.0
2024-01-23 11:45:00,720.0,2396.0
2024-01-23 12:00:00,740.0,2548.0
2024-01-23 12:15:00,772.0,2608.0
2024-01-23 12:30:00,776.0,2640.0
2024-01-23 12:45:00,760.0,2652.0
2024-01-23 13:00:00,752.0,2736.0
2024-01-23 13:15:00,752.0,2808.0
2024-01-23 13:30:00,724.0,2844.0
2024-01-23 13:45:00,672.0,2796.0
2024-01-23 14:00:00,624.0,2772.0
2024-01-23 14:15:00,588.0,2592.0
2024-01-23 14:30:00,536.0,2480.0
2024-01-23 14:45:00,468.0,2396.0
2024-01-23 15:00:00,396.0,2436.0
2024-01-23 15:15:00,336.0,2408.0
2024-01-23 15:30:00,272.0,2396.0
2024-01-23 15:45:00,204.0,2356.0
2024-01-23 16:00:00,144.0,2320.0
2024-01-23 16:15:00,104.0,2320.0
2024-01-23 16:30:00,68.0,2284.0
2024-01-23 16:45:00,8.0,2216.0
2024-01-23 17:00:00,0.0,2252.0
2024-01-23 17:15:00,0.0,2272.0
2024-01-23 17:30:00,0.0,2124.0
2024-01-23 17:45:00,0.0,2080.0
2024-01-23 18:00:00,0.0,2064.0
2024-01-23 18:15:00,0.0,2056.0
2024-01-23 18:30:00,0.0,2004.0
2024-01-23 18:45:00,0.0,1756.0
2024-01-23 19:00:00,0.0,1536.0
2024-01-23 19:15:00,0.0,1468.0
2024-01-23 19:30:00,0.0,1388.0
2024-01-23 19:45:00,0.0,1272.0
2024-01-23 20:00:00,0.0,1172.0
2024-01-23 20:15:00,0.0,1200.0
2024-01-23 20:30:00,0.0,1356.0
2024-01-23 20:45:00,0.0,1332.0
2024-01-23 21:00:00,0.0,1472.0
2024-01-23 21:15:00,0.0,1588.0
2024-01-23 21:30:00,0.0,1600.0
2024-01-23 21:45:00,0.0,1552.0
2024-01-23 22:00:00,0.0,1536.0
2024-01-23 22:15:00,0.0,1552.0
2024-01-23 22:30:00,0.0,1464.0
2024-01-23 22:45:00,0.0,1208.0
2024-01-23 23:00:00,0.0,1008.0
2024-01-23 23:15:00,0.0,824.0
2024-01-23 23:30:00,0.0,672.0
2024-01-23 23:45:00,0.0,612.0
2024-01-24 00:00:00,0.0,588.0
2024-01-24 00:15:00,0.0,600.0
2024-01-24 00:30:00,0.0,672.0
2024-01-24 00:45:00,0.0,892.0
2024-01-24 01:00:00,0.0,1116.0
2024-01-24 01:15:00,0.0,1180.0
2024-01-24 01:30:00,0.0,1144.0
2024-01-24 01:45:00,0.0,1060.0
2024-01-24 02:00:00,0.0,1080.0
2024-01-24 02:15:00,0.0,1204.0
2024-01-24 02:30:00,0.0,1308.0
2024-01-24 02:45:00,0.0,1404.0
2024-01-24 03:00:00,0.0,1480.0
2024-01-24 03:15:00,0.0,1496.0
2024-01-24 03:30:00,0.0,1496.0
2024-01-24 03:45:00,0.0,1404.0
2024-01-24 04:00:00,0.0,1388.0
2024-01-24 04:15:00,0.0,1468.0
2024-01-24 04:30:00,0.0,1492.0
2024-01-24 04:45:00,0.0,1440.0
2024-01-24 05:00:00,0.0,1388.0
2024-01-24 05:15:00,0.0,1360.0
2024-01-24 05:30:00,0.0,1400.0
2024-01-24 05:45:00,0.0,1408.0
2024-01-24 06:00:00,0.0,1556.0
2024-01-24 06:15:00,0.0,1632.0
2024-01-24 06:30:00,0.0,1700.0
2024-01-24 06:45:00,0.0,1756.0
2024-01-24 07:00:00,0.0,1720.0
2024-01-24 07:15:00,0.0,1708.0
2024-01-24 07:30:00,12.0,1748.0
2024-01-24 07:45:00,68.0,1648.0
2024-01-24 08:00:00,72.0,1628.0
2024-01-24 08:15:00,84.0,1624.0
2024-01-24 08:30:00,100.0,1572.0
2024-01-24 08:45:00,120.0,1444.0
2024-01-24 09:00:00,144.0,1356.0
2024-01-24 09:15:00,176.0,1220.0
2024-01-24 09:30:00,208.0,1040.0
2024-01-24 09:45:00,244.0,976.0
2024-01-24 10:00:00,288.0,952.0
2024-01-24 10:15:00,332.0,928.0
2024-01-24 10:30:00,368.0,928.0
2024-01-24 10:45:00,396.0,1016.0
2024-01-24 11:00:00,440.0,956.0
2024-01-24 11:15:00,480.0,908.0
2024-01-24 11:30:00,504.0,900.0
2024-01-24 11:45:00,508.0,872.0
2024-01-24 12:00:00,524.0,880.0
2024-01-24 12:15:00,548.0,780.0
2024-01-24 12:30:00,544.0,868.0
2024-01-24 12:45:00,516.0,1028.0
2024-01-24 13:00:00,488.0,1108.0
2024-01-24 13:15:00,472.0,1180.0
2024-01-24 13:30:00,444.0,1384.0
2024-01-24 13:45:00,408.0,1544.0
2024-01-24 14:00:00,368.0,1684.0
2024-01-24 14:15:00,336.0,2060.0
2024-01-24 14:30:00,300.0,2292.0
2024-01-24 14:45:00,268.0,2324.0
2024-01-24 15:00:00,240.0,2316.0
2024-01-24 15:15:00,212.0,2280.0
2024-01-24 15:30:00,176.0,2392.0
2024-01-24 15:45:00,148.0,2624.0
2024-01-24 16:00:00,112.0,2900.0
2024-01-24 16:15:00,92.0,3032.0
2024-01-24 16:30:00,68.0,2972.0
2024-01-24 16:45:00,8.0,2724.0
2024-01-24 17:00:00,0.0,2724.0
2024-01-24 17:15:00,0.0,2692.0
2024-01-24 17:30:00,0.0,2528.0
2024-01-24 17:45:00,0.0,2616.0
2024-01-24 18:00:00,0.0,2820.0
2024-01-24 18:15:00,0.0,3012.0
2024-01-24 18:30:00,0.0,3120.0
2024-01-24 18:45:00,0.0,3160.0
2024-01-24 19:00:00,0.0,3032.0
2024-01-24 19:15:00,0.0,3052.0
2024-01-24 19:30:00,0.0,3028.0
2024-01-24 19:45:00,0.0,3080.0
2024-01-24 20:00:00,0.0,3144.0
2024-01-24 20:15:00,0.0,3132.0
2024-01-24 20:30:00,0.0,3140.0
2024-01-24 20:45:00,0.0,3192.0
2024-01-24 21:00:00,0.0,3228.0
2024-01-24 21:15:00,0.0,3268.0
2024-01-24 21:30:00,0.0,3212.0
2024-01-24 21:45:00,0.0,3284.0
2024-01-24 22:00:00,0.0,3296.0
2024-01-24 22:15:00,0.0,3252.0
2024-01-24 22:30:00,0.0,3228.0
2024-01-24 22:45:00,0.0,3268.0
2024-01-24 23:00:00,0.0,3324.0
2024-01-24 23:15:00,0.0,3360.0
2024-01-24 23:30:00,0.0,3404.0
2024-01-24 23:45:00,0.0,3428.0
2024-01-25 00:00:00,0.0,3428.0
2024-01-25 00:15:00,0.0,3444.0
2024-01-25 00:30:00,0.0,3440.0
2024-01-25 00:45:00,0.0,3420.0
2024-01-25 01:00:00,0.0,3376.0
2024-01-25 01:15:00,0.0,3368.0
2024-01-25 01:30:00,0.0,3384.0
2024-01-25 01:45:00,0.0,3400.0
2024-01-25 02:00:00,0.0,3444.0
2024-01-25 02:15:00,0.0,3456.0
2024-01-25 02:30:00,0.0,3436.0
2024-01-25 02:45:00,0.0,3408.0
2024-01-25 03:00:00,0.0,3408.0
2024-01-25 03:15:00,0.0,3392.0
2024-01-25 03:30:00,0.0,3380.0
2024-01-25 03:45:00,0.0,3352.0
2024-01-25 04:00:00,0.0,3324.0
2024-01-25 04:15:00,0.0,3324.0
2024-01-25 04:30:00,0.0,3344.0
2024-01-25 04:45:00,0.0,3380.0
2024-01-25 05:00:00,0.0,3384.0
2024-01-25 05:15:00,0.0,3404.0
2024-01-25 05:30:00,0.0,3336.0
2024-01-25 05:45:00,0.0,3272.0
2024-01-25 06:00:00,0.0,3216.0
2024-01-25 06:15:00,0.0,3164.0
2024-01-25 06:30:00,0.0,3052.0
2024-01-25 06:45:00,0.0,3008.0
2024-01-25 07:00:00,0.0,3036.0
2024-01-25 07:15:00,0.0,3040.0
2024-01-25 07:30:00,24.0,3060.0
2024-01-25 07:45:00,72.0,3016.0
2024-01-25 08:00:00,84.0,2908.0
2024-01-25 08:15:00,116.0,2848.0
2024-01-25 08:30:00,152.0,2948.0
2024-01-25 08:45:00,188.0,2988.0
2024-01-25 09:00:00,240.0,3076.0
2024-01-25 09:15:00,296.0,3216.0
2024-01-25 09:30:00,352.0,3280.0
2024-01-25 09:45:00,400.0,3244.0
2024-01-25 10:00:00,456.0,3280.0
2024-01-25 10:15:00,516.0,3356.0
2024-01-25 10:30:00,564.0,3368.0
2024-01-25 10:45:00,592.0,3384.0
2024-01-25 11:00:00,632.0,3412.0
2024-01-25 11:15:00,676.0,3424.0
2024-01-25 11:30:00,704.0,3396.0
2024-01-25 11:45:00,708.0,3412.0
2024-01-25 12:00:00,724.0,3400.0
2024-01-25 12:15:00,752.0,3356.0
2024-01-25 12:30:00,756.0,3328.0
2024-01-25 12:45:00,736.0,3324.0
2024-01-25 13:00:00,724.0,3328.0
2024-01-25 13:15:00,720.0,3320.0
2024-01-25 13:30:00,692.0,3296.0
2024-01-25 13:45:00,640.0,3276.0
2024-01-25 14:00:00,596.0,3300.0
2024-01-25 14:15:00,560.0,3308.0
2024-01-25 14:30:00,508.0,3324.0
2024-01-25 14:45:00,444.0,3288.0
2024-01-25 15:00:00,380.0,3240.0
2024-01-25 15:15:00,320.0,3240.0
2024-01-25 15:30:00,260.0,3212.0
2024-01-25 15:45:00,204.0,3232.0
2024-01-25 16:00:00,148.0,3192.0
2024-01-25 16:15:00,104.0,3208.0
2024-01-25 16:30:00,76.0,3248.0
2024-01-25 16:45:00,8.0,3224.0
2024-01-25 17:00:00,0.0,3224.0
2024-01-25 17:15:00,0.0,3272.0
2024-01-25 17:30:00,0.0,3264.0
2024-01-25 17:45:00,0.0,3268.0
2024-01-25 18:00:00,0.0,3212.0
2024-01-25 18:15:00,0.0,3124.0
2024-01-25 18:30:00,0.0,3072.0
2024-01-25 18:45:00,0.0,3108.0
2024-01-25 19:00:00,0.0,3216.0
2024-01-25 19:15:00,0.0,3276.0
2024-01-25 19:30:00,0.0,3304.0
2024-01-25 19:45:00,0.0,3276.0
2024-01-25 20:00:00,0.0,3272.0
2024-01-25 20:15:00,0.0,3312.0
2024-01-25 20:30:00,0.0,3312.0
2024-01-25 20:45:00,0.0,3324.0
2024-01-25 21:00:00,0.0,3332.0
2024-01-25 21:15:00,0.0,3336.0
2024-01-25 21:30:00,0.0,3308.0
2024-01-25 21:45:00,0.0,3284.0
2024-01-25 22:00:00,0.0,3292.0
2024-01-25 22:15:00,0.0,3312.0
2024-01-25 22:30:00,0.0,3308.0
2024-01-25 22:45:00,0.0,3312.0
2024-01-25 23:00:00,0.0,3320.0
2024-01-25 23:15:00,0.0,3312.0
2024-01-25 23:30:00,0.0,3268.0
2024-01-25 23:45:00,0.0,3228.0
2024-01-26 00:00:00,0.0,3196.0
2024-01-26 00:15:00,0.0,3132.0
2024-01-26 00:30:00,0.0,3076.0
2024-01-26 00:45:00,0.0,3016.0
2024-01-26 01:00:00,0.0,2948.0
2024-01-26 01:15:00,0.0,2860.0
2024-01-26 01:30:00,0.0,2892.0
2024-01-26 01:45:00,0.0,2944.0
2024-01-26 02:00:00,0.0,2844.0
2024-01-26 02:15:00,0.0,2648.0
2024-01-26 02:30:00,0.0,2448.0
2024-01-26 02:45:00,0.0,2368.0
2024-01-26 03:00:00,0.0,2312.0
2024-01-26 03:15:00,0.0,2240.0
2024-01-26 03:30:00,0.0,2152.0
2024-01-26 03:45:00,0.0,2104.0
2024-01-26 04:00:00,0.0,2024.0
2024-01-26 04:15:00,0.0,1868.0
2024-01-26 04:30:00,0.0,1776.0
2024-01-26 04:45:00,0.0,1804.0
2024-01-26 05:00:00,0.0,1856.0
2024-01-26 05:15:00,0.0,1872.0
2024-01-26 05:30:00,0.0,1800.0
2024-01-26 05:45:00,0.0,1844.0
2024-01-26 06:00:00,0.0,1864.0
2024-01-26 06:15:00,0.0,1816.0
2024-01-26 06:30:00,0.0,1728.0
2024-01-26 06:45:00,0.0,1648.0
2024-01-26 07:00:00,0.0,1536.0
2024-01-26 07:15:00,0.0,1392.0
2024-01-26 07:30:00,24.0,1240.0
2024-01-26 07:45:00,72.0,1084.0
2024-01-26 08:00:00,84.0,912.0
2024-01-26 08:15:00,116.0,788.0
2024-01-26 08:30:00,148.0,636.0
2024-01-26 08:45:00,180.0,540.0
2024-01-26 09:00:00,232.0,488.0
2024-01-26 09:15:00,284.0,400.0
2024-01-26 09:30:00,336.0,320.0
2024-01-26 09:45:00,380.0,236.0
2024-01-26 10:00:00,432.0,168.0
2024-01-26 10:15:00,488.0,140.0
2024-01-26 10:30:00,532.0,128.0
2024-01-26 10:45:00,556.0,120.0
2024-01-26 11:00:00,592.0,108.0
2024-01-26 11:15:00,632.0,96.0
2024-01-26 11:30:00,652.0,108.0
2024-01-26 11:45:00,652.0,100.0
2024-01-26 12:00:00,656.0,96.0
2024-01-26 12:15:00,672.0,100.0
2024-01-26 12:30:00,668.0,104.0
2024-01-26 12:45:00,648.0,120.0
2024-01-26 13:00:00,628.0,128.0
2024-01-26 13:15:00,612.0,172.0
2024-01-26 13:30:00,584.0,224.0
2024-01-26 13:45:00,544.0,252.0
2024-01-26 14:00:00,504.0,264.0
2024-01-26 14:15:00,468.0,264.0
2024-01-26 14:30:00,424.0,292.0
2024-01-26 14:45:00,368.0,340.0
2024-01-26 15:00:00,308.0,340.0
2024-01-26 15:15:00,260.0,432.0
2024-01-26 15:30:00,212.0,544.0
2024-01-26 15:45:00,168.0,632.0
2024-01-26 16:00:00,124.0,672.0
2024-01-26 16:15:00,96.0,836.0
2024-01-26 16:30:00,80.0,932.0
2024-01-26 16:45:00,12.0,952.0
2024-01-26 17:00:00,0.0,944.0
2024-01-26 17:15:00,0.0,900.0
2024-01-26 17:30:00,0.0,868.0
2024-01-26 17:45:00,0.0,904.0
2024-01-26 18:00:00,0.0,1024.0
2024-01-26 18:15:00,0.0,912.0
2024-01-26 18:30:00,0.0,752.0
2024-01-26 18:45:00,0.0,676.0
2024-01-26 19:00:00,0.0,528.0
2024-01-26 19:15:00,0.0,512.0
2024-01-26 19:30:00,0.0,780.0
2024-01-26 19:45:00,0.0,1000.0
2024-01-26 20:00:00,0.0,1232.0
2024-01-26 20:15:00,0.0,1544.0
2024-01-26 20:30:00,0.0,1804.0
2024-01-26 20:45:00,0.0,1676.0
2024-01-26 21:00:00,0.0,1744.0
2024-01-26 21:15:00,0.0,1880.0
2024-01-26 21:30:00,0.0,2036.0
2024-01-26 21:45:00,0.0,2184.0
2024-01-26 22:00:00,0.0,2376.0
2024-01-26 22:15:00,0.0,2668.0
2024-01-26 22:30:00,0.0,3124.0
2024-01-26 22:45:00,0.0,3392.0
2024-01-26 23:00:00,0.0,3444.0
2024-01-26 23:15:00,0.0,3472.0
2024-01-26 23:30:00,0.0,3464.0
2024-01-26 23:45:00,0.0,3488.0
2024-01-27 00:00:00,0.0,3480.0
2024-01-27 00:15:00,0.0,3480.0
2024-01-27 00:30:00,0.0,3404.0
2024-01-27 00:45:00,0.0,3340.0
2024-01-27 01:00:00,0.0,3292.0
2024-01-27 01:15:00,0.0,3332.0
2024-01-27 01:30:00,0.0,3400.0
2024-01-27 01:45:00,0.0,3436.0
2024-01-27 02:00:00,0.0,3396.0
2024-01-27 02:15:00,0.0,3368.0
2024-01-27 02:30:00,0.0,3380.0
2024-01-27 02:45:00,0.0,3384.0
2024-01-27 03:00:00,0.0,3328.0
2024-01-27 03:15:00,0.0,3272.0
2024-01-27 03:30:00,0.0,3256.0
2024-01-27 03:45:00,0.0,3220.0
2024-01-27 04:00:00,0.0,3208.0
2024-01-27 04:15:00,0.0,3236.0
2024-01-27 04:30:00,0.0,3232.0
2024-01-27 04:45:00,0.0,3140.0
2024-01-27 05:00:00,0.0,3104.0
2024-01-27 05:15:00,0.0,3088.0
2024-01-27 05:30:00,0.0,3124.0
2024-01-27 05:45:00,0.0,3120.0
2024-01-27 06:00:00,0.0,3072.0
2024-01-27 06:15:00,0.0,3060.0
2024-01-27 06:30:00,0.0,3072.0
2024-01-27 06:45:00,0.0,3052.0
2024-01-27 07:00:00,0.0,3012.0
2024-01-27 07:15:00,0.0,3020.0
2024-01-27 07:30:00,28.0,2968.0
2024-01-27 07:45:00,76.0,2872.0
2024-01-27 08:00:00,92.0,2884.0
2024-01-27 08:15:00,136.0,3016.0
2024-01-27 08:30:00,184.0,3032.0
2024-01-27 08:45:00,232.0,3064.0
2024-01-27 09:00:00,308.0,3088.0
2024-01-27 09:15:00,388.0,3040.0
2024-01-27 09:30:00,468.0,3008.0
2024-01-27 09:45:00,548.0,3072.0
2024-01-27 10:00:00,640.0,3052.0
2024-01-27 10:15:00,740.0,3272.0
2024-01-27 10:30:00,820.0,3364.0
2024-01-27 10:45:00,876.0,3344.0
2024-01-27 11:00:00,952.0,3344.0
2024-01-27 11:15:00,1036.0,3376.0
2024-01-27 11:30:00,1088.0,3304.0
2024-01-27 11:45:00,1104.0,3260.0
2024-01-27 12:00:00,1140.0,3252.0
2024-01-27 12:15:00,1188.0,3216.0
2024-01-27 12:30:00,1196.0,3224.0
2024-01-27 12:45:00,1160.0,3236.0
2024-01-27 13:00:00,1136.0,3212.0
2024-01-27 13:15:00,1128.0,3164.0
2024-01-27 13:30:00,1084.0,3088.0
2024-01-27 13:45:00,1000.0,2908.0
2024-01-27 14:00:00,928.0,2796.0
2024-01-27 14:15:00,872.0,2800.0
2024-01-27 14:30:00,792.0,2780.0
2024-01-27 14:45:00,692.0,2768.0
2024-01-27 15:00:00,588.0,2712.0
2024-01-27 15:15:00,496.0,2824.0
2024-01-27 15:30:00,408.0,2748.0
2024-01-27 15:45:00,316.0,2740.0
2024-01-27 16:00:00,212.0,2704.0
2024-01-27 16:15:00,132.0,2732.0
2024-01-27 16:30:00,104.0,2800.0
2024-01-27 16:45:00,16.0,2868.0
2024-01-27 17:00:00,0.0,3036.0
2024-01-27 17:15:00,0.0,3128.0
2024-01-27 17:30:00,0.0,3124.0
2024-01-27 17:45:00,0.0,3096.0
2024-01-27 18:00:00,0.0,3020.0
2024-01-27 18:15:00,0.0,2968.0
2024-01-27 18:30:00,0.0,2948.0
2024-01-27 18:45:00,0.0,2932.0
2024-01-27 19:00:00,0.0,2956.0
2024-01-27 19:15:00,0.0,2936.0
2024-01-27 19:30:00,0.0,2880.0
2024-01-27 19:45:00,0.0,2932.0
2024-01-27 20:00:00,0.0,3012.0
2024-01-27 20:15:00,0.0,3020.0
2024-01-27 20:30:00,0.0,2984.0
2024-01-27 20:45:00,0.0,2984.0
2024-01-27 21:00:00,0.0,3016.0
2024-01-27 21:15:00,0.0,3004.0
2024-01-27 21:30:00,0.0,3016.0
2024-01-27 21:45:00,0.0,3100.0
2024-01-27 22:00:00,0.0,3124.0
2024-01-27 22:15:00,0.0,3028.0
2024-01-27 22:30:00,0.0,2892.0
2024-01-27 22:45:00,0.0,2740.0
2024-01-27 23:00:00,0.0,2648.0
2024-01-27 23:15:00,0.0,2596.0
2024-01-27 23:30:00,0.0,2568.0
2024-01-27 23:45:00,0.0,2536.0
2024-01-28 00:00:00,0.0,2524.0
2024-01-28 00:15:00,0.0,2476.0
2024-01-28 00:30:00,0.0,2436.0
2024-01-28 00:45:00,0.0,2348.0
2024-01-28 01:00:00,0.0,2300.0
2024-01-28 01:15:00,0.0,2168.0
2024-01-28 01:30:00,0.0,1972.0
2024-01-28 01:45:00,0.0,1752.0
2024-01-28 02:00:00,0.0,1616.0
2024-01-28 02:15:00,0.0,1512.0
2024-01-28 02:30:00,0.0,1440.0
2024-01-28 02:45:00,0.0,1400.0
2024-01-28 03:00:00,0.0,1376.0
2024-01-28 03:15:00,0.0,1356.0
2024-01-28 03:30:00,0.0,1292.0
2024-01-28 03:45:00,0.0,1204.0
2024-01-28 04:00:00,0.0,1112.0
2024-01-28 04:15:00,0.0,1040.0
2024-01-28 04:30:00,0.0,1032.0
2024-01-28 04:45:00,0.0,1012.0
2024-01-28 05:00:00,0.0,1024.0
2024-01-28 05:15:00,0.0,1036.0
2024-01-28 05:30:00,0.0,1100.0
2024-01-28 05:45:00,0.0,1196.0
2024-01-28 06:00:00,0.0,1236.0
2024-01-28 06:15:00,0.0,1232.0
2024-01-28 06:30:00,0.0,1160.0
2024-01-28 06:45:00,0.0,1072.0
2024-01-28 07:00:00,0.0,892.0
2024-01-28 07:15:00,0.0,744.0
2024-01-28 07:30:00,40.0,608.0
2024-01-28 07:45:00,76.0,552.0
2024-01-28 08:00:00,96.0,576.0
2024-01-28 08:15:00,148.0,584.0
2024-01-28 08:30:00,208.0,552.0
2024-01-28 08:45:00,264.0,492.0
2024-01-28 09:00:00,356.0,472.0
2024-01-28 09:15:00,448.0,432.0
2024-01-28 09:30:00,540.0,396.0
2024-01-28 09:45:00,640.0,360.0
2024-01-28 10:00:00,744.0,304.0
2024-01-28 10:15:00,864.0,252.0
2024-01-28 10:30:00,956.0,212.0
2024-01-28 10:45:00,1020.0,188.0
2024-01-28 11:00:00,1100.0,128.0
2024-01-28 11:15:00,1200.0,100.0
2024-01-28 11:30:00,1252.0,92.0
2024-01-28 11:45:00,1268.0,76.0
2024-01-28 12:00:00,1300.0,72.0
2024-01-28 12:15:00,1352.0,80.0
2024-01-28 12:30:00,1356.0,84.0
2024-01-28 12:45:00,1312.0,88.0
2024-01-28 13:00:00,1284.0,96.0
2024-01-28 13:15:00,1276.0,96.0
2024-01-28 13:30:00,1224.0,108.0
2024-01-28 13:45:00,1128.0,116.0
2024-01-28 14:00:00,1044.0,116.0
2024-01-28 14:15:00,980.0,124.0
2024-01-28 14:30:00,888.0,120.0
2024-01-28 14:45:00,772.0,108.0
2024-01-28 15:00:00,656.0,96.0
2024-01-28 15:15:00,556.0,80.0
2024-01-28 15:30:00,452.0,48.0
2024-01-28 15:45:00,348.0,32.0
2024-01-28 16:00:00,236.0,24.0
2024-01-28 16:15:00,148.0,32.0
2024-01-28 16:30:00,112.0,32.0
2024-01-28 16:45:00,24.0,44.0
2024-01-28 17:00:00,0.0,48.0
2024-01-28 17:15:00,0.0,44.0
2024-01-28 17:30:00,0.0,44.0
2024-01-28 17:45:00,0.0,52.0
2024-01-28 18:00:00,0.0,56.0
2024-01-28 18:15:00,0.0,64.0
2024-01-28 18:30:00,0.0,56.0
2024-01-28 18:45:00,0.0,40.0
2024-01-28 19:00:00,0.0,32.0
2024-01-28 19:15:00,0.0,20.0
2024-01-28 19:30:00,0.0,16.0
2024-01-28 19:45:00,0.0,12.0
2024-01-28 20:00:00,0.0,12.0
2024-01-28 20:15:00,0.0,12.0
2024-01-28 20:30:00,0.0,12.0
2024-01-28 20:45:00,0.0,12.0
2024-01-28 21:00:00,0.0,12.0
2024-01-28 21:15:00,0.0,12.0
2024-01-28 21:30:00,0.0,12.0
2024-01-28 21:45:00,0.0,12.0
2024-01-28 22:00:00,0.0,12.0
2024-01-28 22:15:00,0.0,16.0
2024-01-28 22:30:00,0.0,16.0
2024-01-28 22:45:00,0.0,20.0
2024-01-28 23:00:00,0.0,20.0
2024-01-28 23:15:00,0.0,24.0
2024-01-28 23:30:00,0.0,28.0
2024-01-28 23:45:00,0.0,32.0
2024-01-29 00:00:00,0.0,40.0
2024-01-29 00:15:00,0.0,48.0
2024-01-29 00:30:00,0.0,72.0
2024-01-29 00:45:00,0.0,100.0
2024-01-29 01:00:00,0.0,144.0
2024-01-29 01:15:00,0.0,192.0
2024-01-29 01:30:00,0.0,228.0
2024-01-29 01:45:00,0.0,252.0
2024-01-29 02:00:00,0.0,284.0
2024-01-29 02:15:00,0.0,324.0
2024-01-29 02:30:00,0.0,368.0
2024-01-29 02:45:00,0.0,404.0
2024-01-29 03:00:00,0.0,428.0
2024-01-29 03:15:00,0.0,480.0
2024-01-29 03:30:00,0.0,532.0
2024-01-29 03:45:00,0.0,544.0
2024-01-29 04:00:00,0.0,544.0
2024-01-29 04:15:00,0.0,584.0
2024-01-29 04:30:00,0.0,672.0
2024-01-29 04:45:00,0.0,768.0
2024-01-29 05:00:00,0.0,828.0
2024-01-29 05:15:00,0.0,924.0
2024-01-29 05:30:00,0.0,1012.0
2024-01-29 05:45:00,0.0,1084.0
2024-01-29 06:00:00,0.0,1152.0
2024-01-29 06:15:00,0.0,1132.0
2024-01-29 06:30:00,0.0,1088.0
2024-01-29 06:45:00,0.0,1060.0
2024-01-29 07:00:00,0.0,1040.0
2024-01-29 07:15:00,0.0,1100.0
2024-01-29 07:30:00,40.0,1196.0
2024-01-29 07:45:00,72.0,1284.0
2024-01-29 08:00:00,88.0,1324.0
2024-01-29 08:15:00,132.0,1276.0
2024-01-29 08:30:00,180.0,1236.0
2024-01-29 08:45:00,220.0,1220.0
2024-01-29 09:00:00,284.0,1164.0
2024-01-29 09:15:00,352.0,1040.0
2024-01-29 09:30:00,420.0,964.0
2024-01-29 09:45:00,488.0,940.0
2024-01-29 10:00:00,568.0,908.0
2024-01-29 10:15:00,652.0,892.0
2024-01-29 10:30:00,720.0,832.0
2024-01-29 10:45:00,772.0,824.0
2024-01-29 11:00:00,840.0,800.0
2024-01-29 11:15:00,916.0,808.0
2024-01-29 11:30:00,964.0,780.0
2024-01-29 11:45:00,984.0,808.0
2024-01-29 12:00:00,1016.0,868.0
2024-01-29 12:15:00,1068.0,908.0
2024-01-29 12:30:00,1080.0,932.0
2024-01-29 12:45:00,1056.0,944.0
2024-01-29 13:00:00,1040.0,916.0
2024-01-29 13:15:00,1040.0,940.0
2024-01-29 13:30:00,1004.0,968.0
2024-01-29 13:45:00,932.0,996.0
2024-01-29 14:00:00,868.0,1012.0
2024-01-29 14:15:00,820.0,980.0
2024-01-29 14:30:00,748.0,1000.0
2024-01-29 14:45:00,652.0,964.0
2024-01-29 15:00:00,560.0,940.0
2024-01-29 15:15:00,480.0,988.0
2024-01-29 15:30:00,396.0,1024.0
2024-01-29 15:45:00,312.0,1092.0
2024-01-29 16:00:00,216.0,1192.0
2024-01-29 16:15:00,140.0,1304.0
2024-01-29 16:30:00,104.0,1424.0
2024-01-29 16:45:00,28.0,1536.0
2024-01-29 17:00:00,0.0,1620.0
2024-01-29 17:15:00,0.0,1672.0
2024-01-29 17:30:00,0.0,1748.0
2024-01-29 17:45:00,0.0,1776.0
2024-01-29 18:00:00,0.0,1712.0
2024-01-29 18:15:00,0.0,1660.0
2024-01-29 18:30:00,0.0,1668.0
2024-01-29 18:45:00,0.0,1736.0
2024-01-29 19:00:00,0.0,1832.0
2024-01-29 19:15:00,0.0,1904.0
2024-01-29 19:30:00,0.0,1984.0
2024-01-29 19:45:00,0.0,2060.0
2024-01-29 20:00:00,0.0,2152.0
2024-01-29 20:15:00,0.0,2260.0
2024-01-29 20:30:00,0.0,2320.0
2024-01-29 20:45:00,0.0,2372.0
2024-01-29 21:00:00,0.0,2412.0
2024-01-29 21:15:00,0.0,2484.0
2024-01-29 21:30:00,0.0,2480.0
2024-01-29 21:45:00,0.0,2520.0
2024-01-29 22:00:00,0.0,2520.0
2024-01-29 22:15:00,0.0,2520.0
2024-01-29 22:30:00,0.0,2540.0
2024-01-29 22:45:00,0.0,2544.0
2024-01-29 23:00:00,0.0,2596.0
2024-01-29 23:15:00,0.0,2632.0
2024-01-29 23:30:00,0.0,2652.0
2024-01-29 23:45:00,0.0,2652.0
2024-01-30 00:00:00,0.0,2584.0
2024-01-30 00:15:00,0.0,2508.0
2024-01-30 00:30:00,0.0,2544.0
2024-01-30 00:45:00,0.0,2560.0
2024-01-30 01:00:00,0.0,2596.0
2024-01-30 01:15:00,0.0,2648.0
2024-01-30 01:30:00,0.0,2728.0
2024-01-30 01:45:00,0.0,2764.0
2024-01-30 02:00:00,0.0,2732.0
2024-01-30 02:15:00,0.0,2712.0
2024-01-30 02:30:00,0.0,2684.0
2024-01-30 02:45:00,0.0,2684.0
2024-01-30 03:00:00,0.0,2660.0
2024-01-30 03:15:00,0.0,2620.0
2024-01-30 03:30:00,0.0,2572.0
2024-01-30 03:45:00,0.0,2540.0
2024-01-30 04:00:00,0.0,2528.0
2024-01-30 04:15:00,0.0,2544.0
2024-01-30 04:30:00,0.0,2524.0
2024-01-30 04:45:00,0.0,2464.0
2024-01-30 05:00:00,0.0,2436.0
2024-01-30 05:15:00,0.0,2448.0
2024-01-30 05:30:00,0.0,2492.0
2024-01-30 05:45:00,0.0,2532.0
2024-01-30 06:00:00,0.0,2540.0
2024-01-30 06:15:00,0.0,2508.0
2024-01-30 06:30:00,0.0,2496.0
2024-01-30 06:45:00,0.0,2476.0
2024-01-30 07:00:00,0.0,2496.0
2024-01-30 07:15:00,0.0,2568.0
2024-01-30 07:30:00,40.0,2592.0
2024-01-30 07:45:00,72.0,2572.0
2024-01-30 08:00:00,84.0,2572.0
2024-01-30 08:15:00,124.0,2600.0
2024-01-30 08:30:00,164.0,2652.0
2024-01-30 08:45:00,216.0,2668.0
2024-01-30 09:00:00,268.0,2616.0
2024-01-30 09:15:00,336.0,2528.0
2024-01-30 09:30:00,400.0,2428.0
2024-01-30 09:45:00,468.0,2360.0
2024-01-30 10:00:00,544.0,2300.0
2024-01-30 10:15:00,628.0,2280.0
2024-01-30 10:30:00,696.0,2252.0
2024-01-30 10:45:00,752.0,2220.0
2024-01-30 11:00:00,820.0,2132.0
2024-01-30 11:15:00,896.0,2128.0
2024-01-30 11:30:00,948.0,2116.0
2024-01-30 11:45:00,968.0,2136.0
2024-01-30 12:00:00,1004.0,2152.0
2024-01-30 12:15:00,1056.0,2128.0
2024-01-30 12:30:00,1068.0,2140.0
2024-01-30 12:45:00,1044.0,2124.0
2024-01-30 13:00:00,1032.0,2088.0
2024-01-30 13:15:00,1032.0,2056.0
2024-01-30 13:30:00,1000.0,2016.0
2024-01-30 13:45:00,928.0,2052.0
2024-01-30 14:00:00,864.0,2060.0
2024-01-30 14:15:00,816.0,2056.0
2024-01-30 14:30:00,744.0,2056.0
2024-01-30 14:45:00,652.0,2040.0
2024-01-30 15:00:00,560.0,2032.0
2024-01-30 15:15:00,480.0,1948.0
2024-01-30 15:30:00,396.0,1892.0
2024-01-30 15:45:00,312.0,1832.0
2024-01-30 16:00:00,220.0,1852.0
2024-01-30 16:15:00,144.0,1888.0
2024-01-30 16:30:00,108.0,1944.0
2024-01-30 16:45:00,36.0,2012.0
2024-01-30 17:00:00,0.0,2096.0
2024-01-30 17:15:00,0.0,2156.0
2024-01-30 17:30:00,0.0,2208.0
2024-01-30 17:45:00,0.0,2288.0
2024-01-30 18:00:00,0.0,2336.0
2024-01-30 18:15:00,0.0,2332.0
2024-01-30 18:30:00,0.0,2316.0
2024-01-30 18:45:00,0.0,2260.0
2024-01-30 19:00:00,0.0,2224.0
2024-01-30 19:15:00,0.0,2248.0
2024-01-30 19:30:00,0.0,2296.0
2024-01-30 19:45:00,0.0,2296.0
2024-01-30 20:00:00,0.0,2308.0
2024-01-30 20:15:00,0.0,2284.0
2024-01-30 20:30:00,0.0,2220.0
2024-01-30 20:45:00,0.0,2164.0
2024-01-30 21:00:00,0.0,2112.0
2024-01-30 21:15:00,0.0,2068.0
2024-01-30 21:30:00,0.0,2016.0
2024-01-30 21:45:00,0.0,1944.0
2024-01-30 22:00:00,0.0,1836.0
2024-01-30 22:15:00,0.0,1736.0
2024-01-30 22:30:00,0.0,1616.0
2024-01-30 22:45:00,0.0,1544.0
2024-01-30 23:00:00,0.0,1472.0
2024-01-30 23:15:00,0.0,1384.0
2024-01-30 23:30:00,0.0,1292.0
2024-01-30 23:45:00,0.0,1200.0
2024-01-31 00:00:00,0.0,1064.0
2024-01-31 00:15:00,0.0,928.0
2024-01-31 00:30:00,0.0,856.0
2024-01-31 00:45:00,0.0,780.0
2024-01-31 01:00:00,0.0,720.0
2024-01-31 01:15:00,0.0,664.0
2024-01-31 01:30:00,0.0,596.0
2024-01-31 01:45:00,0.0,544.0
2024-01-31 02:00:00,0.0,480.0
2024-01-31 02:15:00,0.0,432.0
2024-01-31 02:30:00,0.0,376.0
2024-01-31 02:45:00,0.0,324.0
2024-01-31 03:00:00,0.0,284.0
2024-01-31 03:15:00,0.0,244.0
2024-01-31 03:30:00,0.0,204.0
2024-01-31 03:45:00,0.0,176.0
2024-01-31 04:00:00,0.0,156.0
2024-01-31 04:15:00,0.0,148.0
2024-01-31 04:30:00,0.0,140.0
2024-01-31 04:45:00,0.0,124.0
2024-01-31 05:00:00,0.0,116.0
2024-01-31 05:15:00,0.0,116.0
2024-01-31 05:30:00,0.0,124.0
2024-01-31 05:45:00,0.0,128.0
2024-01-31 06:00:00,0.0,128.0
2024-01-31 06:15:00,0.0,128.0
2024-01-31 06:30:00,0.0,116.0
2024-01-31 06:45:00,0.0,104.0
2024-01-31 07:00:00,0.0,92.0
2024-01-31 07:15:00,0.0,84.0
2024-01-31 07:30:00,48.0,76.0
2024-01-31 07:45:00,72.0,72.0
2024-01-31 08:00:00,84.0,64.0
2024-01-31 08:15:00,112.0,60.0
2024-01-31 08:30:00,148.0,44.0
2024-01-31 08:45:00,188.0,36.0
2024-01-31 09:00:00,232.0,28.0
2024-01-31 09:15:00,284.0,24.0
2024-01-31 09:30:00,332.0,24.0
2024-01-31 09:45:00,380.0,28.0
2024-01-31 10:00:00,436.0,28.0
2024-01-31 10:15:00,496.0,32.0
2024-01-31 10:30:00,544.0,32.0
2024-01-31 10:45:00,580.0,36.0
2024-01-31 11:00:00,628.0,40.0
2024-01-31 11:15:00,680.0,36.0
2024-01-31 11:30:00,712.0,40.0
2024-01-31 11:45:00,724.0,44.0
2024-01-31 12:00:00,744.0,44.0
2024-01-31 12:15:00,776.0,44.0
2024-01-31 12:30:00,780.0,40.0
2024-01-31 12:45:00,760.0,32.0
2024-01-31 13:00:00,744.0,40.0
2024-01-31 13:15:00,740.0,32.0
2024-01-31 13:30:00,708.0,40.0
2024-01-31 13:45:00,656.0,32.0
2024-01-31 14:00:00,604.0,36.0
2024-01-31 14:15:00,564.0,32.0
2024-01-31 14:30:00,516.0,32.0
2024-01-31 14:45:00,456.0,28.0
2024-01-31 15:00:00,396.0,32.0
2024-01-31 15:15:00,344.0,28.0
2024-01-31 15:30:00,288.0,28.0
2024-01-31 15:45:00,236.0,28.0
2024-01-31 16:00:00,180.0,24.0
2024-01-31 16:15:00,136.0,24.0
2024-01-31 16:30:00,104.0,24.0
2024-01-31 16:45:00,52.0,28.0
2024-01-31 17:00:00,4.0,24.0
2024-01-31 17:15:00,0.0,24.0
2024-01-31 17:30:00,0.0,20.0
2024-01-31 17:45:00,0.0,16.0
2024-01-31 18:00:00,0.0,16.0
2024-01-31 18:15:00,0.0,16.0
2024-01-31 18:30:00,0.0,24.0
2024-01-31 18:45:00,0.0,28.0
2024-01-31 19:00:00,0.0,36.0
2024-01-31 19:15:00,0.0,36.0
2024-01-31 19:30:00,0.0,28.0
2024-01-31 19:45:00,0.0,36.0
2024-01-31 20:00:00,0.0,36.0
2024-01-31 20:15:00,0.0,36.0
2024-01-31 20:30:00,0.0,36.0
2024-01-31 20:45:00,0.0,44.0
2024-01-31 21:00:00,0.0,56.0
2024-01-31 21:15:00,0.0,64.0
2024-01-31 21:30:00,0.0,60.0
2024-01-31 21:45:00,0.0,64.0
2024-01-31 22:00:00,0.0,76.0
2024-01-31 22:15:00,0.0,96.0
2024-01-31 22:30:00,0.0,124.0
2024-01-31 22:45:00,0.0,148.0
2024-01-31 23:00:00,0.0,140.0
2024-01-31 23:15:00,0.0,136.0
2024-01-31 23:30:00,0.0,148.0
2024-01-31 23:45:00,0.0,164.0
